Timestamp,Symbol,Open,High,Low,Close,Volume,atr,sma,top2,top1,bott1,bott2,sell_arrow,buy_arrow
2023-08-01 09:15:00,HINDALCO,465.0,468.8,464.1,468.8,715332,4.699999999999989,,,,,,,
2023-08-01 09:20:00,HINDALCO,468.8,470.0,467.75,469.55,418562,4.209999999999991,,,,,,,
2023-08-01 09:25:00,HINDALCO,469.7,471.5,468.75,469.0,465288,3.917999999999993,,,,,,,
2023-08-01 09:30:00,HINDALCO,468.85,470.0,468.85,468.85,147611,3.36439999999999,,,,,,,
2023-08-01 09:35:00,HINDALCO,468.65,468.75,466.3,468.55,392613,3.18151999999999,,,,,,,
2023-08-01 09:40:00,HINDALCO,468.25,468.6,467.3,467.9,108790,2.805215999999995,,,,,,,
2023-08-01 09:45:00,HINDALCO,468.05,468.5,466.5,466.85,127271,2.6441727999999958,,,,,,,
2023-08-01 09:50:00,HINDALCO,466.85,467.4,466.55,467.25,74367,2.28533823999999,,,,,,,
2023-08-01 09:55:00,HINDALCO,467.35,467.6,466.9,466.95,64536,1.968270592000001,,,,,,,
2023-08-01 10:00:00,HINDALCO,467.05,467.35,466.05,466.4,86823,1.834616473600003,,,,,,,
2023-08-01 10:05:00,HINDALCO,466.55,466.9,465.8,465.8,88954,1.6876931788799956,,,,,,,
2023-08-01 10:10:00,HINDALCO,465.8,466.0,465.35,465.8,50856,1.480154543103992,,,,,,,
2023-08-01 10:15:00,HINDALCO,465.9,466.6,465.8,466.25,76663,1.344123634483196,,,,,,,
2023-08-01 10:20:00,HINDALCO,466.5,467.5,466.3,466.9,56471,1.3252989075865569,,,,,,,
2023-08-01 10:25:00,HINDALCO,467.0,467.0,465.35,465.6,38714,1.390239126069241,,,,,,,
2023-08-01 10:30:00,HINDALCO,465.65,465.85,463.75,464.6,118437,1.5321913008553976,,,,,,,
2023-08-01 10:35:00,HINDALCO,464.55,464.55,463.65,463.8,73120,1.405753040684325,,,,,,,
2023-08-01 10:40:00,HINDALCO,463.8,464.65,463.7,464.5,51485,1.314602432547458,,,,,,,
2023-08-01 10:45:00,HINDALCO,464.6,464.8,463.0,464.05,79362,1.4116819460379686,,,,,,,
2023-08-01 10:50:00,HINDALCO,464.2,465.3,463.6,464.85,50131,1.4693455568303726,466.6125,470.45924666778194,468.98990111095156,464.23509888904846,462.7657533322181,,
2023-08-01 10:55:00,HINDALCO,464.9,465.1,464.3,464.4,42005,1.3354764454643004,466.39250000000004,469.88877733422555,468.55330088876127,464.2316991112388,462.89622266577453,,
2023-08-01 11:00:00,HINDALCO,464.5,464.7,464.05,464.3,32541,1.198381156371436,466.13,469.26736186738043,468.068980711009,464.191019288991,462.99263813261956,,
2023-08-01 11:05:00,HINDALCO,464.35,464.5,463.65,464.1,54760,1.1287049250971533,465.88499999999993,468.83994949390427,467.7112445688071,464.05875543119276,462.9300505060956,,
2023-08-01 11:10:00,HINDALCO,464.1,465.25,464.1,465.2,44546,1.132963940077718,465.7025,468.66859959512345,467.5356356550457,463.86936434495425,462.7364004048765,,
2023-08-01 11:15:00,HINDALCO,465.25,466.4,465.05,466.4,51111,1.1763711520621676,465.59499999999997,468.67473967609874,467.49836852403655,463.6916314759634,462.5152603239012,,
2023-08-01 11:20:00,HINDALCO,466.1,466.3,465.75,466.2,46788,1.0510969216497363,465.51000000000005,468.26177174087906,467.2106748192293,463.80932518077077,462.75822825912104,,
2023-08-01 11:25:00,HINDALCO,466.3,466.3,465.9,466.1,20997,0.9208775373197959,465.4725,467.88335739270326,466.96247985538344,463.9825201446166,463.0616426072968,,
2023-08-01 11:30:00,HINDALCO,466.1,466.1,465.5,465.6,20865,0.8567020298558413,465.39,467.6328459141626,466.77614388430675,464.0038561156932,463.14715408583737,,
2023-08-01 11:35:00,HINDALCO,465.35,465.5,464.7,464.9,30078,0.8453616238846754,465.2875,467.5006567313301,466.65529510744545,463.9197048925546,463.07434326866996,,
2023-08-01 11:40:00,HINDALCO,464.95,465.7,464.5,465.2,19431,0.9162892991077382,465.22749999999996,467.62634538506404,466.7100560859563,463.74494391404363,462.8286546149359,,
2023-08-01 11:45:00,HINDALCO,465.35,465.35,464.75,464.85,17382,0.8530314392861951,465.18,467.41323630805124,466.5602048687651,463.79979513123493,462.9467636919488,,
2023-08-01 11:50:00,HINDALCO,464.8,464.8,463.85,463.95,76571,0.8724251514289538,465.0875,467.37150904644096,466.499083895012,463.67591610498795,462.803490953559,,
2023-08-01 11:55:00,HINDALCO,464.0,464.0,463.3,463.85,49737,0.8379401211431607,464.9674999999999,467.16122723715273,466.32328711600957,463.61171288399026,462.7737727628471,,
2023-08-01 12:00:00,HINDALCO,463.85,464.0,463.6,464.0,15875,0.7503520969145241,464.82249999999993,466.78692178972216,466.03656969280763,463.60843030719224,462.8580782102777,,
2023-08-01 12:05:00,HINDALCO,463.95,464.05,463.0,463.35,53158,0.8102816775316216,464.7099999999999,466.83131743177773,466.0210357542461,463.39896424575375,462.5886825682221,,
2023-08-01 12:10:00,HINDALCO,463.25,463.65,463.1,463.45,56214,0.7582253420252882,464.65250000000003,466.63753394542226,465.87930860339696,463.4256913966031,462.6674660545778,,
2023-08-01 12:15:00,HINDALCO,463.4,463.6,462.3,463.2,69326,0.8665802736202328,464.62249999999995,466.8912071563377,466.0246268827175,463.2203731172824,462.3537928436622,,
2023-08-01 12:20:00,HINDALCO,463.0,463.15,462.5,462.6,35026,0.8232642188961817,464.5275,466.6828057250702,465.85954150617397,463.195458493826,462.37219427492977,,
2023-08-01 12:25:00,HINDALCO,462.6,462.8,462.1,462.35,66038,0.7986113751169432,464.4425,466.53326458005614,465.7346532049392,463.1503467950608,462.35173541994385,,
2023-08-01 12:30:00,HINDALCO,462.3,462.8,462.3,462.75,115849,0.7388891000935546,464.3375,466.2719116640449,465.53302256395136,463.1419774360486,462.40308833595503,,
2023-08-01 12:35:00,HINDALCO,462.65,462.85,462.25,462.55,70093,0.7111112800748483,464.24500000000006,466.106689331236,465.3955780511612,463.09442194883894,462.3833106687641,,
2023-08-01 12:40:00,HINDALCO,462.55,463.5,462.25,463.5,203033,0.8188890240598786,464.2049999999999,466.3488514649887,465.5299624409288,462.88003755907107,462.06114853501117,,462.25
2023-08-01 12:45:00,HINDALCO,463.45,464.7,463.45,464.35,68266,0.9051112192479029,464.21750000000003,466.58708117199103,465.68196995274315,462.7530300472569,461.847918828009,,
2023-08-01 12:50:00,HINDALCO,464.5,464.5,463.4,464.2,172981,0.9440889753983269,464.1675,466.63912493759284,465.69503596219454,462.6399640378055,461.6958750624072,,
2023-08-01 12:55:00,HINDALCO,464.15,464.75,463.95,464.0,106742,0.9152711803186638,464.0475,466.4436799500743,465.52840876975563,462.5665912302444,461.65132004992574,,
2023-08-01 13:00:00,HINDALCO,464.0,464.0,463.4,464.0,73007,0.8522169442549357,463.9375,466.16860396005944,465.3163870158045,462.5586129841955,461.70639603994056,,
2023-08-01 13:05:00,HINDALCO,463.95,465.25,463.95,465.2,44153,0.9417735554039508,463.8924999999999,466.35806316804747,465.41628961264354,462.3687103873563,461.4269368319524,,
2023-08-01 13:10:00,HINDALCO,465.05,466.0,464.65,465.95,72481,1.023418844323165,463.91,466.5893105344381,465.5658916901149,462.25410830988517,461.23068946556197,466.0,
2023-08-01 13:15:00,HINDALCO,465.9,465.9,465.15,465.15,31104,0.9687350754585321,463.92249999999996,466.4586484275504,465.4899133520919,462.355086647908,461.38635157244954,,
2023-08-01 13:20:00,HINDALCO,465.15,465.7,464.9,465.65,37093,0.934988060366828,463.945,466.3927987420403,465.4578106816735,462.4321893183265,461.49720125795966,,
2023-08-01 13:25:00,HINDALCO,465.6,465.95,465.55,465.8,15426,0.8279904482934579,463.9925,466.16017899363226,465.3321885453388,462.6528114546612,461.82482100636776,,
2023-08-01 13:30:00,HINDALCO,465.8,465.9,465.4,465.45,22907,0.7623923586347664,464.06749999999994,466.06344319490574,465.301050836271,462.8339491637289,462.07155680509413,,
2023-08-01 13:35:00,HINDALCO,465.45,465.85,465.35,465.75,21502,0.7099138869078131,464.1625,466.02105455592465,465.3111406690169,463.01385933098317,462.3039454440754,,
2023-08-01 13:40:00,HINDALCO,465.8,465.9,465.2,465.4,25350,0.7079311095262482,464.2325000000001,466.0858636447398,465.3779325352135,463.0870674647866,462.37913635526036,,
2023-08-01 13:45:00,HINDALCO,465.4,466.2,465.25,466.0,42810,0.7563448876209963,464.36500000000007,466.34511091579185,465.5887660281708,463.1412339718293,462.3848890842083,,
2023-08-01 13:50:00,HINDALCO,465.95,466.1,465.1,465.75,23591,0.805075910096797,464.48,466.5876887326334,465.78261282253663,463.1773871774634,462.3723112673666,,
2023-08-01 13:55:00,HINDALCO,465.55,465.55,464.75,464.8,40558,0.8040607280774399,464.56000000000006,466.6650309861068,465.86097025802934,463.2590297419708,462.45496901389333,,
2023-08-01 14:00:00,HINDALCO,464.75,465.5,464.6,465.5,40067,0.8232485824619474,464.70500000000004,466.86026478888544,466.03701620642346,463.3729837935766,462.54973521111464,,
2023-08-01 14:05:00,HINDALCO,465.45,466.0,465.4,465.95,24376,0.7785988659695625,464.88500000000005,466.92337183110834,466.1447729651388,463.62522703486127,462.84662816889175,,
2023-08-01 14:10:00,HINDALCO,465.95,466.45,465.9,466.2,36670,0.7328790927756523,465.0575,466.9761774648867,466.243298372111,463.871701627889,463.1388225351133,,
2023-08-01 14:15:00,HINDALCO,466.2,466.4,466.1,466.25,15676,0.6463032742205128,465.24249999999995,466.93452197190925,466.28821869768876,464.19678130231114,463.55047802809065,,
2023-08-01 14:20:00,HINDALCO,466.1,466.4,466.1,466.4,18155,0.5770426193764012,465.38749999999993,466.89819757752736,466.32115495815094,464.4538450418489,463.8768024224725,,
2023-08-01 14:25:00,HINDALCO,466.35,466.95,466.3,466.8,34277,0.5916340955011165,465.51000000000005,467.05889806202197,466.4672639665209,464.5527360334792,463.9611019379781,,
2023-08-01 14:30:00,HINDALCO,466.75,466.75,465.9,466.0,18263,0.6433072764008978,465.6,467.28417844961757,466.6408711732167,464.55912882678336,463.9158215503825,,
2023-08-01 14:35:00,HINDALCO,465.95,466.05,465.2,465.5,20011,0.6846458211207228,465.675,467.46740275969404,466.78275693857336,464.56724306142667,463.882597240306,,
2023-08-01 14:40:00,HINDALCO,465.55,465.55,465.15,465.25,9112,0.6277166568965851,465.7375,467.3808622077553,466.7531455508587,464.72185444914135,464.09413779224474,,
2023-08-01 14:45:00,HINDALCO,465.2,465.4,464.95,465.0,23113,0.5921733255172659,465.72749999999996,467.27780976620414,466.6856364406869,464.76936355931304,464.1771902337958,,
2023-08-01 14:50:00,HINDALCO,465.0,465.15,464.2,464.2,29987,0.6637386604138105,465.64,467.37766781296335,466.71392915254955,464.5660708474504,463.9023321870366,,
2023-08-01 14:55:00,HINDALCO,464.2,464.75,464.15,464.7,25585,0.650990928331053,465.6175,467.3217942503707,466.67080332203966,464.56419667796035,463.9132057496293,,
2023-08-01 15:00:00,HINDALCO,464.7,465.3,463.85,464.3,93338,0.8107927426648402,465.55,467.67265540029655,466.8618626576317,464.2381373423683,463.4273445997035,,
2023-08-01 15:05:00,HINDALCO,464.3,465.1,464.0,464.75,55909,0.8686341941318768,465.49749999999995,467.7715843202372,466.90295012610534,464.09204987389455,463.2234156797627,,
2023-08-01 15:10:00,HINDALCO,464.8,464.95,464.5,464.75,84083,0.7849073553054993,465.4625,467.5173874561898,466.7324801008843,464.19251989911567,463.40761254381016,,
2023-08-01 15:15:00,HINDALCO,464.9,464.9,463.9,463.9,141776,0.8279258842443995,465.37000000000006,467.5375099649519,466.7095840807075,464.03041591929264,463.20249003504824,,
2023-08-01 15:20:00,HINDALCO,464.0,464.0,463.1,463.1,177274,0.8423407073955151,465.25499999999994,467.4602479719614,466.6179072645659,463.892092735434,463.0497520280385,,
2023-08-01 15:25:00,HINDALCO,463.1,463.95,463.05,463.9,98559,0.8538725659164077,465.15,467.38543837756913,466.53156581165274,463.7684341883472,462.9145616224308,,
2023-08-02 09:15:00,HINDALCO,460.0,460.0,456.05,456.85,279693,1.4730980527331239,464.7049999999999,468.56157070205523,467.0884726493221,462.32152735067774,460.8484292979446,,
2023-08-02 09:20:00,HINDALCO,456.9,457.85,456.0,457.15,212021,1.5484784421865037,464.32250000000005,468.3764165616443,466.8279381194578,461.81706188054227,460.2685834383558,,
2023-08-02 09:25:00,HINDALCO,457.15,457.35,455.8,456.75,186490,1.5487827537492054,463.88500000000005,467.93971324931545,466.39093049556624,461.37906950443386,459.83028675068465,,
2023-08-02 09:30:00,HINDALCO,456.7,458.0,456.15,457.85,107130,1.609026202999369,463.4799999999999,467.6924305994523,466.08340439645286,460.87659560354695,459.26756940054753,,
2023-08-02 09:35:00,HINDALCO,457.8,457.8,456.65,457.5,67244,1.517220962399502,463.04499999999996,467.01708447956185,465.49986351716234,460.5901364828376,459.0729155204381,,
2023-08-02 09:40:00,HINDALCO,457.55,457.75,456.75,457.2,42879,1.4137767699196018,462.59250000000003,466.2937675836495,464.87999081372993,460.3050091862701,458.89123241635053,,
2023-08-02 09:45:00,HINDALCO,457.2,458.45,457.2,458.4,93507,1.3810214159356815,462.1925,465.8080140669196,464.42699265098395,459.95800734901604,458.5769859330804,,
2023-08-02 09:50:00,HINDALCO,458.4,458.6,458.05,458.6,45685,1.2148171327485475,461.78249999999997,464.96289125353564,463.7480741207871,459.8169258792128,458.6021087464643,,
2023-08-02 09:55:00,HINDALCO,458.35,459.4,458.05,458.7,93661,1.2418537061988313,461.4175,464.66867300282854,463.42681929662973,459.4081807033703,458.1663269971715,,
2023-08-02 10:00:00,HINDALCO,458.6,458.75,457.8,458.45,45503,1.1834829649590628,461.06499999999994,464.16335840226276,462.9798754373037,459.1501245626962,457.9666415977371,,
2023-08-02 10:05:00,HINDALCO,458.25,458.35,457.5,457.55,25719,1.1167863719672548,460.68,463.6037467218103,462.486960349843,458.873039650157,457.7562532781897,,
2023-08-02 10:10:00,HINDALCO,457.85,458.5,457.6,458.0,23832,1.0834290975738017,460.33000000000004,463.1664173774482,462.0829882798744,458.57701172012565,457.49358262255186,,
2023-08-02 10:15:00,HINDALCO,457.95,458.5,457.75,458.5,44435,1.0167432780590415,460.0450000000001,462.70683390195865,461.6900906238996,458.39990937610054,457.3831660980415,,457.75
2023-08-02 10:20:00,HINDALCO,458.35,461.2,458.3,460.65,182616,1.3933946224472287,459.84250000000003,463.4904071215669,462.09701249911967,457.5879875008804,456.1945928784332,,
2023-08-02 10:25:00,HINDALCO,460.7,460.7,459.5,459.95,61192,1.3547156979577808,459.625,463.1716456972535,461.81692999929567,457.43307000070433,456.0783543027465,,
2023-08-02 10:30:00,HINDALCO,460.0,460.1,458.75,459.8,73499,1.3537725583662295,459.37750000000005,462.92167655780287,461.5679039994366,457.1870960005635,455.83332344219724,,
2023-08-02 10:35:00,HINDALCO,459.85,460.15,459.0,459.4,44095,1.313018046692979,459.11,462.5474812462422,461.2344631995493,456.98553680045075,455.6725187537578,,
2023-08-02 10:40:00,HINDALCO,459.5,460.15,459.15,459.7,43245,1.2504144373543833,458.9,462.1735849969937,460.92317055963935,456.8768294403606,455.62641500300623,,
2023-08-02 10:45:00,HINDALCO,459.7,460.15,459.05,459.8,58334,1.2203315498835,458.735,461.929827997595,460.7094964477115,456.7605035522885,455.54017200240503,,
2023-08-02 10:50:00,HINDALCO,459.65,459.95,459.45,459.6,37272,1.0762652399068,458.52,461.33766239807596,460.2613971581692,456.7786028418308,455.702337601924,,
2023-08-02 10:55:00,HINDALCO,459.6,459.6,458.55,459.5,50748,1.0710121919254423,458.65250000000003,461.45640991846085,460.3853977265354,456.91960227346465,455.8485900815392,,
2023-08-02 11:00:00,HINDALCO,459.5,459.7,458.2,458.45,47185,1.1568097535403539,458.7174999999999,461.74602793476856,460.5892181812282,456.8457818187716,455.68897206523127,,
2023-08-02 11:05:00,HINDALCO,458.3,458.75,457.3,457.8,126744,1.2154478028322808,458.77,461.9520423478149,460.7365945449826,456.80340545501736,455.5879576521851,,
2023-08-02 11:10:00,HINDALCO,457.65,457.9,456.8,457.15,108150,1.1923582422658179,458.735,461.85659387825194,460.66423563598613,456.8057643640139,455.6134061217481,,
2023-08-02 11:15:00,HINDALCO,457.15,457.15,456.5,456.8,70064,1.0838865938126498,458.7,461.5376151026015,460.45372850878886,456.9462714912111,455.8623848973985,,
2023-08-02 11:20:00,HINDALCO,456.8,457.65,456.65,457.55,46025,1.0671092750501199,458.71750000000003,461.51119208208127,460.4440828070311,456.99091719296894,455.9238079179188,,
2023-08-02 11:25:00,HINDALCO,457.7,458.05,457.45,457.7,30709,0.9736874200401004,458.6825,461.231613665665,460.2579262456249,457.1070737543751,456.133386334335,,
2023-08-02 11:30:00,HINDALCO,457.8,457.8,456.7,456.9,32957,0.9989499360320849,458.5975,461.212750932532,460.2138009964999,456.98119900350014,455.98224906746805,,
2023-08-02 11:35:00,HINDALCO,457.0,457.05,455.65,456.05,127696,1.079159948825675,458.465,461.2902407460256,460.21108079719994,456.7189192028,455.6397592539744,,
2023-08-02 11:40:00,HINDALCO,456.1,457.15,456.0,457.15,48424,1.0933279590605354,458.4,461.26233259682044,460.16900463775994,456.63099536224,455.5376674031795,,
2023-08-02 11:45:00,HINDALCO,457.1,457.1,456.5,456.7,24161,0.9946623672484329,458.35749999999996,460.96152607745637,459.9668637102079,456.748136289792,455.75347392254355,,
2023-08-02 11:50:00,HINDALCO,456.8,456.8,456.25,456.4,33936,0.9057298937987487,458.2775,460.6487008619651,459.74297096816633,456.8120290318336,455.90629913803485,,
2023-08-02 11:55:00,HINDALCO,456.4,456.75,456.15,456.6,16434,0.8445839150390035,458.1825,460.3936206895721,459.54903677453314,456.8159632254669,455.9713793104279,,
2023-08-02 12:00:00,HINDALCO,456.75,456.75,455.75,456.5,31967,0.8756671320312028,457.975,460.2674965516577,459.3918294196265,456.55817058037354,455.68250344834235,,
2023-08-02 12:05:00,HINDALCO,456.5,456.75,456.25,456.6,22304,0.8005337056249623,457.80750000000006,459.9032972413262,459.10276353570123,456.5122364642989,455.71170275867394,,
2023-08-02 12:10:00,HINDALCO,456.6,456.75,456.3,456.45,17597,0.7304269644999676,457.64,459.5522577930609,458.8218308285609,456.45816917143907,455.72774220693907,,
2023-08-02 12:15:00,HINDALCO,456.5,456.95,456.0,456.15,47677,0.7743415715999719,457.47749999999996,459.5047262344487,458.73038466284873,456.2246153371512,455.45027376555123,,
2023-08-02 12:20:00,HINDALCO,456.25,456.7,456.25,456.65,21313,0.7294732572799798,457.325,459.23476098755896,458.505287730279,456.14471226972097,455.415239012441,,
2023-08-02 12:25:00,HINDALCO,456.7,456.95,456.55,456.9,13222,0.6635786058239794,457.18,458.9172487900472,458.2536701842232,456.1063298157768,455.4427512099528,,
2023-08-02 12:30:00,HINDALCO,456.8,456.9,456.0,456.15,34365,0.710862884659179,457.0075,458.86853903203775,458.15767614737854,455.85732385262145,455.14646096796224,,
2023-08-02 12:35:00,HINDALCO,456.4,457.4,456.25,457.3,27419,0.8186903077273432,456.8974999999999,459.0408312256301,458.2221409179028,455.57285908209707,454.75416877436976,,
2023-08-02 12:40:00,HINDALCO,457.3,457.75,457.05,457.55,25641,0.7949522461818723,456.8525000000001,458.9336849805042,458.13873273432233,455.5662672656778,454.77131501949594,,
2023-08-02 12:45:00,HINDALCO,457.55,457.8,457.35,457.8,16359,0.7259617969454957,456.85249999999996,458.7530679844033,458.0271061874578,455.67789381254215,454.95193201559664,,
2023-08-02 12:50:00,HINDALCO,457.8,457.8,456.15,456.2,30500,0.9107694375564034,456.805,459.18939438752267,458.2786249499663,455.3313750500337,454.42060561247735,,
2023-08-02 12:55:00,HINDALCO,456.25,456.4,455.85,456.05,85930,0.8386155500451137,456.76750000000004,458.9629955100182,458.12437995997306,455.410620040027,454.5720044899819,,
2023-08-02 13:00:00,HINDALCO,456.1,456.5,456.0,456.1,45964,0.7708924400360909,456.695,458.7131964080145,457.9423039679784,455.4476960320216,454.6768035919855,,
2023-08-02 13:05:00,HINDALCO,456.15,457.0,455.95,456.8,76338,0.8267139520288751,456.65,458.81433712641154,457.9876231743827,455.31237682561726,454.4856628735884,,
2023-08-02 13:10:00,HINDALCO,456.85,457.25,456.45,456.55,24747,0.8213711616231024,456.6325,458.7828497011293,457.9614785395062,455.3035214604938,454.4821502988707,,
2023-08-02 13:15:00,HINDALCO,456.4,456.7,455.85,456.45,63179,0.8270969292984751,456.6525,458.8178397609034,457.9907428316049,455.31425716839505,454.48716023909657,,
2023-08-02 13:20:00,HINDALCO,456.4,456.5,454.25,454.9,279233,1.1116775434387802,456.5400000000001,459.4503718087228,458.338694265284,454.74130573471615,453.62962819127733,,
2023-08-02 13:25:00,HINDALCO,454.95,455.65,454.45,454.85,66252,1.129342034751022,456.44749999999993,459.4041174469781,458.2747754122271,454.6202245877728,453.4908825530218,,
2023-08-02 13:30:00,HINDALCO,454.9,455.2,454.2,454.45,43521,1.1034736278008175,456.35,459.23889395758255,458.13542032978177,454.5645796702183,453.4611060424175,,
2023-08-02 13:35:00,HINDALCO,454.1,454.35,453.65,454.0,201511,1.022778902240663,456.21999999999997,458.89763516606604,457.87485626382534,454.5651437361746,453.5423648339339,,
2023-08-02 13:40:00,HINDALCO,454.0,454.05,453.1,453.85,263113,1.0082231217925282,456.0875,458.7270281328528,457.7188050110603,454.45619498893967,453.44797186714715,,
2023-08-02 13:45:00,HINDALCO,453.85,453.9,450.5,451.95,402699,1.4865784974340182,455.8549999999999,459.7468625062822,458.26028400884815,453.44971599115166,451.9631374937176,453.9,
2023-08-02 13:50:00,HINDALCO,452.1,453.65,451.85,453.65,92578,1.5492627979472056,455.71500000000003,459.7709700050258,458.2217072070786,453.20829279292144,451.6590299949743,,
2023-08-02 13:55:00,HINDALCO,453.55,453.9,452.6,453.1,38899,1.4994102383577554,455.5625,459.4879560040206,457.9885457656628,453.1364542343372,451.6370439959794,,
2023-08-02 14:00:00,HINDALCO,453.05,453.15,452.15,452.3,29738,1.3995281906862043,455.34499999999997,459.00896480321643,457.60943661253026,453.0805633874697,451.6810351967835,,
2023-08-02 14:05:00,HINDALCO,452.35,452.55,451.75,451.8,49831,1.2796225525489657,455.09,458.44005184257315,457.1604292900242,453.01957070997577,451.7399481574268,,
2023-08-02 14:10:00,HINDALCO,451.8,451.95,450.3,450.95,110709,1.353698042039168,454.83000000000004,458.3739814740586,457.0202834320194,452.63971656798066,451.2860185259415,,
2023-08-02 14:15:00,HINDALCO,450.9,450.95,450.2,450.4,71534,1.2329584336313344,454.485,457.7128851792468,456.4799267456155,452.4900732543845,451.2571148207532,,
2023-08-02 14:20:00,HINDALCO,450.5,451.0,450.3,451.0,39188,1.1263667469050653,454.15749999999997,457.10632814339743,455.97996139649234,452.3350386035076,451.2086718566025,,
2023-08-02 14:25:00,HINDALCO,451.0,451.6,451.0,451.6,33868,1.0210933975240568,453.8475,456.520722514718,455.49962911719393,452.1953708828061,451.17427748528206,,
2023-08-02 14:30:00,HINDALCO,451.6,452.2,450.3,450.5,72183,1.196874718019241,453.5625,456.6959180117744,455.4990432937551,451.6259567062449,450.4290819882256,,
2023-08-02 14:35:00,HINDALCO,450.45,451.75,450.0,451.5,202954,1.307499774415393,453.33500000000004,456.7580344094195,455.45053463500415,451.2194653649959,449.91196559058056,,
2023-08-02 14:40:00,HINDALCO,451.5,451.95,451.0,451.7,68848,1.235999819532312,453.11499999999995,456.35084752753556,455.11484770800325,451.11515229199665,449.87915247246434,,
2023-08-02 14:45:00,HINDALCO,451.65,452.2,451.6,452.15,27503,1.108799855625843,452.88250000000005,455.7853380220285,454.6765381664027,451.0884618335974,449.9796619779716,,
2023-08-02 14:50:00,HINDALCO,452.1,452.25,451.9,452.2,26431,0.9570398845006789,452.66499999999996,455.17053041762273,454.21349053312207,451.11650946687786,450.1594695823772,,
2023-08-02 14:55:00,HINDALCO,452.2,453.0,452.2,452.95,41316,0.9256319076005454,452.49000000000007,454.9133043340983,453.98767242649774,450.9923275735024,450.0666956659018,,
2023-08-02 15:00:00,HINDALCO,453.15,454.85,453.15,454.6,95049,1.120505526080443,452.475,455.40848346727864,454.28797794119816,450.6620220588019,449.5415165327214,,
2023-08-02 15:05:00,HINDALCO,454.7,454.75,453.95,454.05,87442,1.0564044208643568,452.43500000000006,455.20066677382295,454.1442623529586,450.7257376470415,449.6693332261772,,
2023-08-02 15:10:00,HINDALCO,454.2,455.1,454.2,455.1,86031,1.0551235366914877,452.46750000000003,455.22981341905836,454.17468988236686,450.7603101176332,449.7051865809417,,
2023-08-02 15:15:00,HINDALCO,455.05,455.45,454.7,455.45,118755,0.9940988293531903,452.53999999999996,455.14255073524663,454.1484519058934,450.9315480941065,449.9374492647533,,
2023-08-02 15:20:00,HINDALCO,455.45,455.6,453.55,453.55,176242,1.2052790634825545,452.525,455.6804205881973,454.47514152471473,450.5748584752852,449.36957941180265,,
2023-08-02 15:25:00,HINDALCO,453.75,453.9,452.0,453.15,115905,1.344223250786039,452.58500000000004,456.1041764705579,454.75995321977183,450.41004678022824,449.0658235294422,,
2023-08-03 09:15:00,HINDALCO,450.0,451.3,448.3,450.35,173388,1.6753786006288314,452.41999999999996,456.80614117644626,455.1307625758174,449.7092374241825,448.03385882355366,,
2023-08-03 09:20:00,HINDALCO,450.35,451.75,450.25,451.15,88680,1.6403028805030653,452.32250000000005,456.6168129411571,454.976510060654,449.6684899393461,448.028187058843,,
2023-08-03 09:25:00,HINDALCO,451.4,451.6,448.65,449.35,143501,1.9022423044024612,452.175,457.15507035292563,455.2528280485232,449.0971719514768,447.1949296470744,,
2023-08-03 09:30:00,HINDALCO,449.3,449.7,446.05,446.95,194862,2.2517938435219644,451.9325,457.8276962823405,455.57590243881856,448.28909756118145,446.0373037176595,,
2023-08-03 09:35:00,HINDALCO,446.95,447.55,445.7,447.0,243014,2.171435074817576,451.73499999999996,457.41981702587236,455.2483819510548,448.2216180489451,446.05018297412755,,
2023-08-03 09:40:00,HINDALCO,446.75,448.75,446.5,448.55,67386,2.187148059854061,451.64250000000004,457.36845362069795,455.1813055608439,448.1036944391562,445.91654637930213,,446.5
2023-08-03 09:45:00,HINDALCO,448.6,449.45,447.55,448.7,63066,2.1297184478832443,451.5275,457.1031028965583,454.97338444867506,448.0816155513249,445.95189710344164,,
2023-08-03 09:50:00,HINDALCO,448.3,448.95,447.75,448.75,56532,1.9437747583065932,451.38499999999993,456.4738023172466,454.53002755894,448.2399724410599,446.29619768275325,,
2023-08-03 09:55:00,HINDALCO,448.65,448.95,447.0,447.35,101179,1.9450198066452724,451.22749999999996,456.31956185379727,454.37454204715203,448.0804579528479,446.13543814620266,,
2023-08-03 10:00:00,HINDALCO,447.3,448.4,446.45,448.25,49842,1.9460158453162157,451.06499999999994,456.1596694830378,454.21365363772156,447.9163463622783,445.97033051696206,,
2023-08-03 10:05:00,HINDALCO,448.3,449.45,448.05,448.8,60305,1.836812676252968,450.9200000000001,455.72877558643034,453.89196291017737,447.9480370898228,446.1112244135698,,
2023-08-03 10:10:00,HINDALCO,448.7,450.25,448.7,450.15,72792,1.7794501410023766,450.82,455.4786004691442,453.69915032814185,447.94084967185813,446.16139953085576,,
2023-08-03 10:15:00,HINDALCO,450.2,450.5,448.5,449.6,80375,1.8235601128019012,450.69000000000005,455.4640803753154,453.6405202625135,447.7394797374866,445.9159196246847,,
2023-08-03 10:20:00,HINDALCO,449.4,449.65,448.95,449.15,20573,1.5988480902415187,450.5,454.6857843002523,453.0869362100108,447.9130637899892,446.3142156997477,,
2023-08-03 10:25:00,HINDALCO,449.15,449.15,448.25,448.8,40502,1.4590784721932106,450.2099999999999,454.02986744020177,452.5707889680085,447.84921103199133,446.3901325597981,,
2023-08-03 10:30:00,HINDALCO,448.6,450.0,448.6,449.3,41213,1.4472627777545641,449.9725,453.7614339521615,452.3141711744069,447.63082882559314,446.18356604783855,,
2023-08-03 10:35:00,HINDALCO,449.55,449.9,448.8,449.65,35549,1.3778102222036446,449.7,453.3071071617291,451.9292969395255,447.4707030604745,446.09289283827087,,
2023-08-03 10:40:00,HINDALCO,449.65,451.0,449.6,450.3,62505,1.3822481777629112,449.4425,453.0612257293833,451.6789775516204,447.2060224483796,445.8237742706167,,
2023-08-03 10:45:00,HINDALCO,450.3,450.45,449.6,449.7,23063,1.2757985422103222,449.25,452.5900405835066,451.3142420412963,447.1857579587037,445.9099594164934,,
2023-08-03 10:50:00,HINDALCO,449.65,450.9,449.65,450.85,34765,1.2706388337682577,449.13500000000005,452.46153246680535,451.1908936330371,447.079106366963,445.80846753319474,,
2023-08-03 10:55:00,HINDALCO,450.8,451.95,450.8,451.55,51089,1.2465110670146018,449.195,452.45836597344424,451.2118549064296,447.1781450935704,445.93163402655574,451.95,
2023-08-03 11:00:00,HINDALCO,451.6,452.8,451.55,452.8,71346,1.2472088536116814,449.2775,452.54269277875534,451.2954839251437,447.25951607485626,446.0123072212446,,
2023-08-03 11:05:00,HINDALCO,452.7,453.3,452.4,453.25,75813,1.177767082889352,449.47249999999997,452.5558942230043,451.37812714011494,447.566872859885,446.3891057769956,,
2023-08-03 11:10:00,HINDALCO,453.25,453.45,452.4,452.8,36778,1.152213666311484,449.76500000000004,452.7814953784035,451.62928171209205,447.90071828790803,446.74850462159657,,
2023-08-03 11:15:00,HINDALCO,452.6,452.75,451.8,452.3,29680,1.111770933049185,450.03000000000003,452.9406163027228,451.8288453696736,448.23115463032644,447.11938369727727,,
2023-08-03 11:20:00,HINDALCO,452.4,452.55,451.8,452.0,19501,1.039416746439348,450.2025,452.9236930421782,451.88427629573886,448.5207237042611,447.4813069578218,,
2023-08-03 11:25:00,HINDALCO,452.1,452.1,450.0,450.3,48732,1.251533397151483,450.2825000000001,453.5590144337427,452.3074810365912,448.257518963409,447.0059855662575,,
2023-08-03 11:30:00,HINDALCO,450.3,450.8,449.7,450.05,40498,1.221226717721191,450.3475,453.5446715469941,452.3234448292729,448.37155517072716,447.15032845300595,,
2023-08-03 11:35:00,HINDALCO,449.95,450.45,449.65,450.4,20741,1.1369813741769552,450.5,453.4766172375953,452.3396358634183,448.6603641365817,447.5233827624047,,
2023-08-03 11:40:00,HINDALCO,450.4,450.65,449.9,450.25,18173,1.059585099341564,450.6,453.3739937900762,452.3144086907347,448.88559130926535,447.82600620992383,,
2023-08-03 11:45:00,HINDALCO,450.2,450.2,449.05,449.45,31000,1.0776680794732467,450.6325,453.45383503206097,452.3761669525877,448.8888330474123,447.811164967939,,
2023-08-03 11:50:00,HINDALCO,449.45,449.9,448.5,449.9,27450,1.1421344635785928,450.62,453.61010802564874,452.46797356207014,448.77202643792987,447.62989197435127,,
2023-08-03 11:55:00,HINDALCO,449.7,449.7,449.0,449.0,24136,1.053707570862872,450.59,453.348606420519,452.2948988496561,448.88510115034387,447.83139357948096,,
2023-08-03 12:00:00,HINDALCO,449.05,449.5,448.55,448.65,21452,1.0329660566902954,450.56499999999994,453.26930513641514,452.2363390797248,448.89366092027507,447.86069486358474,,
2023-08-03 12:05:00,HINDALCO,448.65,448.85,448.35,448.6,21404,0.9263728453522363,450.555,452.9802441091322,452.0538712637799,449.0561287362201,448.12975589086784,,
2023-08-03 12:10:00,HINDALCO,448.55,448.8,448.05,448.15,22653,0.8910982762817891,450.49749999999995,452.8303952873057,451.9392970110239,449.055702988976,448.1646047126942,,
2023-08-03 12:15:00,HINDALCO,448.1,448.9,448.0,448.75,27006,0.8928786210254268,450.4525,452.79005622984454,451.8971776088191,449.00782239118087,448.11494377015543,,
2023-08-03 12:20:00,HINDALCO,448.75,448.75,447.65,447.85,32746,0.9343028968203461,450.33000000000004,452.7760049838757,451.84170208705535,448.81829791294473,447.8839950161244,,
2023-08-03 12:25:00,HINDALCO,447.8,448.0,447.2,447.7,30164,0.9074423174562791,450.23,452.6056839871006,451.6982416696443,448.76175833035575,447.85431601289946,,
2023-08-03 12:30:00,HINDALCO,447.75,448.45,447.7,448.05,25162,0.8759538539650233,450.09,452.3832471896804,451.50729333571536,448.6727066642846,447.79675281031956,,
2023-08-03 12:35:00,HINDALCO,448.0,448.3,447.65,447.7,31474,0.8307630831720256,449.89750000000004,452.0724377517444,451.2416746685724,448.5533253314277,447.72256224825566,,
2023-08-03 12:40:00,HINDALCO,447.55,448.5,447.5,447.65,27886,0.8646104665376206,449.64000000000004,451.90355020139555,451.03893973485793,448.24106026514215,447.37644979860454,,
2023-08-03 12:45:00,HINDALCO,447.65,447.9,447.35,447.7,17710,0.8016883732300875,449.3625,451.46132016111636,450.65963178788627,448.06536821211375,447.26367983888366,,
2023-08-03 12:50:00,HINDALCO,447.8,448.3,446.8,447.1,37490,0.9413506985840701,449.0775,451.5419561288931,450.60060543030903,447.55439456969094,446.61304387110687,,
2023-08-03 12:55:00,HINDALCO,447.2,447.25,446.05,446.8,30157,0.9930805588672539,448.80250000000007,451.4023849031145,450.4093043442473,447.19569565575284,446.2026150968856,,
2023-08-03 13:00:00,HINDALCO,446.9,446.9,446.1,446.2,21765,0.9544644470937941,448.5125,451.01128792249153,450.0568234753977,446.96817652460226,446.01371207750844,,
2023-08-03 13:05:00,HINDALCO,446.2,446.4,445.15,445.3,91630,1.0135715576750353,448.2625,450.9160303379932,449.90245878031817,446.6225412196818,445.60896966200676,,
2023-08-03 13:10:00,HINDALCO,445.25,446.35,445.2,446.35,25066,1.0408572461400352,448.0775,450.8024642703946,449.76160702425454,446.3933929757454,445.3525357296054,,
2023-08-03 13:15:00,HINDALCO,446.35,447.1,445.65,445.65,20287,1.1226857969120372,447.84000000000003,450.77919141631577,449.65650561940373,446.02349438059633,444.9008085836843,,
2023-08-03 13:20:00,HINDALCO,445.75,446.25,445.7,446.0,14621,1.0181486375296345,447.62750000000005,450.2930131330526,449.274864495523,445.9801355044771,444.9619868669475,,445.7
2023-08-03 13:25:00,HINDALCO,446.0,446.85,445.6,445.75,19134,1.0645189100237076,447.4425,450.22941050644204,449.16489159641833,445.72010840358166,444.65558949355795,,
2023-08-03 13:30:00,HINDALCO,445.65,446.65,445.65,446.5,30823,1.051615128018966,447.27250000000004,450.02562840515367,448.9740132771347,445.57098672286537,444.5193715948464,,
2023-08-03 13:35:00,HINDALCO,446.5,448.0,446.45,447.7,38287,1.1512921024151752,447.2075,450.2215827241229,449.0702906217077,445.34470937829224,444.19341727587704,,
2023-08-03 13:40:00,HINDALCO,447.75,448.0,447.1,447.2,15759,1.1010336819321356,447.13500000000005,450.0175061792984,448.91647249736627,445.3535275026338,444.2524938207017,,
2023-08-03 13:45:00,HINDALCO,447.25,447.6,446.9,447.3,21795,1.0208269455457175,447.07,449.7425249434387,448.721697997893,445.418302002107,444.3974750565613,,
2023-08-03 13:50:00,HINDALCO,447.4,448.5,447.15,448.15,36583,1.0866615564365785,447.07,449.914879954751,448.8282183983144,445.3117816016856,444.225120045249,,
2023-08-03 13:55:00,HINDALCO,448.1,448.4,447.45,447.65,23736,1.0593292451492604,447.01500000000004,449.7883239638008,448.72899471865156,445.3010052813485,444.2416760361993,,
2023-08-03 14:00:00,HINDALCO,447.65,448.8,447.55,448.4,33415,1.0974633961194082,447.0425,449.9156591710406,448.8181957749212,445.26680422507883,444.16934082895943,,
2023-08-03 14:05:00,HINDALCO,448.35,448.5,447.2,447.7,31331,1.1379707168955289,447.0424999999999,450.0217073368324,448.8837366199369,445.2012633800629,444.06329266316743,,
2023-08-03 14:10:00,HINDALCO,447.65,449.0,447.65,448.9,53934,1.1803765735164276,447.08500000000004,450.17522586946603,448.9948492959496,445.17515070405045,443.99477413053404,,
2023-08-03 14:15:00,HINDALCO,448.85,449.45,448.35,448.9,76108,1.1643012588131354,447.145,450.19314069557277,449.02883943675965,445.2611605632403,444.0968593044272,,
2023-08-03 14:20:00,HINDALCO,449.0,449.85,448.65,448.85,34625,1.1714410070505175,447.20500000000004,450.2718325564583,449.1003915494078,445.3096084505923,444.13816744354176,,
2023-08-03 14:25:00,HINDALCO,448.95,449.55,448.65,449.3,30002,1.117152805640421,447.285,450.2097060451666,449.09255323952624,445.4774467604738,444.3602939548334,449.55,
2023-08-03 14:30:00,HINDALCO,449.4,449.5,448.15,448.75,28526,1.1637222445123414,447.3675,450.41412483613334,449.25040259162097,445.48459740837905,444.3208751638667,,
2023-08-03 14:35:00,HINDALCO,449.0,449.3,448.65,449.15,23180,1.06097779560988,447.48499999999996,450.2626398689066,449.20166207329675,445.76833792670317,444.7073601310933,,
2023-08-03 14:40:00,HINDALCO,449.15,449.5,448.1,448.15,47523,1.1287822364878997,447.5825,450.5376518951253,449.4088696586374,445.75613034136256,444.62734810487467,,
2023-08-03 14:45:00,HINDALCO,448.2,448.9,447.5,447.6,27498,1.183025789190315,447.69749999999993,450.7946615161002,449.61163572690987,445.78336427309,444.6003384838997,,
2023-08-03 14:50:00,HINDALCO,447.6,447.95,447.25,447.7,33564,1.0864206313522498,447.76500000000004,450.60924921288023,449.52282858152796,446.0071714184721,444.92075078711986,,
2023-08-03 14:55:00,HINDALCO,447.8,449.35,447.8,449.05,32983,1.1991365050818068,447.93499999999995,451.07433937030413,449.8752028652223,445.99479713477757,444.79566062969576,,
2023-08-03 15:00:00,HINDALCO,449.3,450.9,448.8,450.85,97643,1.3793092040654387,448.17749999999995,451.78853149624325,450.40922229217784,445.94577770782206,444.56646850375665,,
2023-08-03 15:05:00,HINDALCO,450.85,451.1,450.2,450.85,79797,1.2834473632523578,448.4325,451.7925651969947,450.5091178337423,446.3558821662577,445.0724348030053,,
2023-08-03 15:10:00,HINDALCO,450.9,453.2,450.45,453.2,144470,1.5767578906018862,448.7674999999999,452.8954521575957,451.31869426699376,446.2163057330061,444.63954784240417,,
2023-08-03 15:15:00,HINDALCO,453.1,456.3,453.1,456.15,169113,1.901406312481507,449.19000000000005,454.16788172607664,452.2664754135951,446.113524586405,444.21211827392347,,
2023-08-03 15:20:00,HINDALCO,455.95,456.7,454.95,455.15,167959,1.871125049985206,449.5875,454.48610538086126,452.61498033087605,446.5600196691239,444.6888946191387,,
2023-08-03 15:25:00,HINDALCO,455.15,458.5,455.0,457.2,68277,2.196900039988165,450.0825,455.833984304689,453.63708426470083,446.52791573529913,444.33101569531095,,
2023-08-04 09:15:00,HINDALCO,464.0,466.0,461.5,463.0,685399,3.517520031990535,450.825,460.0338674437512,456.51634741176065,445.13365258823933,441.6161325562488,,
2023-08-04 09:20:00,HINDALCO,463.05,465.15,461.1,462.35,721600,3.624016025592419,451.55999999999995,461.0476739550009,457.4236579294085,445.6963420705914,442.072326044999,,
2023-08-04 09:25:00,HINDALCO,462.3,465.2,461.45,465.1,445044,3.6492128204739354,452.395,461.9486391640007,458.2994263435268,446.49057365647315,442.84136083599924,,
2023-08-04 09:30:00,HINDALCO,465.2,465.3,463.4,464.75,220977,3.2993702563791554,453.24750000000006,461.88525133120066,458.58588107482154,447.9091189251786,444.60974866879945,,
2023-08-04 09:35:00,HINDALCO,464.7,465.0,462.15,462.45,214172,3.209496205103329,453.925,462.3274610649605,459.1179648598572,448.73203514014284,445.5225389350395,,
2023-08-04 09:40:00,HINDALCO,462.3,463.8,461.5,462.35,164689,3.0275969640826657,454.59749999999997,462.5237488519684,459.49615188788573,449.6988481121142,446.67125114803156,,
2023-08-04 09:45:00,HINDALCO,462.35,463.4,461.85,461.95,79158,2.7320775712661236,455.25249999999994,462.4050790815746,459.67300151030855,450.83199848969133,448.09992091842525,,
2023-08-04 09:50:00,HINDALCO,461.5,461.5,460.25,460.25,200426,2.435662057012899,455.8,462.1765632652598,459.7409012082469,451.8590987917531,449.4234367347402,,
2023-08-04 09:55:00,HINDALCO,459.75,460.9,459.35,459.5,206501,2.2585296456103103,456.3375,462.2503306122078,459.99180096659745,452.6831990334025,450.42466938779216,,
2023-08-04 10:00:00,HINDALCO,459.5,459.75,458.0,459.5,310609,2.1568237164882484,456.855,462.5015644897662,460.344740773278,453.36525922672206,451.2084355102338,,
2023-08-04 10:05:00,HINDALCO,459.5,459.6,458.65,459.0,89883,1.915458973190608,457.39750000000004,462.41217159181303,460.49671261862244,454.29828738137763,452.38282840818704,,
2023-08-04 10:10:00,HINDALCO,458.95,459.5,457.3,457.65,227636,1.9723671785524841,457.9,463.06365727345036,461.0912900948979,454.70870990510207,452.7363427265496,,
2023-08-04 10:15:00,HINDALCO,457.8,458.45,457.3,457.9,59754,1.807893742841983,458.40999999999997,463.1430658187603,461.3351720759183,455.4848279240816,453.67693418123963,,
2023-08-04 10:20:00,HINDALCO,457.6,458.6,456.6,457.0,319044,1.8463149942735866,458.8075,463.6411526550082,461.7948376607347,455.8201623392653,453.9738473449918,,
2023-08-04 10:25:00,HINDALCO,456.95,458.4,455.9,458.15,231636,1.9770519954188694,459.1725,464.3484221240066,462.3713701285877,455.9736298714123,453.9965778759934,,
2023-08-04 10:30:00,HINDALCO,457.95,457.95,456.3,456.5,114329,1.911641596335091,459.4549999999999,464.4596776992052,462.5480361028701,456.3619638971297,454.45032230079465,,
2023-08-04 10:35:00,HINDALCO,456.4,456.65,455.7,455.8,145055,1.7193132770680706,459.58500000000004,464.0861621593642,462.36684888229615,456.8031511177039,455.08383784063585,,
2023-08-04 10:40:00,HINDALCO,455.9,457.15,455.45,456.45,175589,1.7154506216544543,459.6,464.0910497274914,462.37559910583695,456.8244008941631,455.10895027250865,,
2023-08-04 10:45:00,HINDALCO,456.5,456.6,455.75,455.95,85014,1.542360497323568,459.64,463.67789978199306,462.1355392846695,457.14446071533047,455.6021002180069,,
2023-08-04 10:50:00,HINDALCO,456.0,456.45,455.8,455.9,104232,1.36388839785885,459.575,463.14565982559446,461.78177142773563,457.36822857226434,456.0043401744055,,
2023-08-04 10:55:00,HINDALCO,456.0,457.25,455.85,456.5,150484,1.3711107182870754,459.25,462.83956786047554,461.46845714218847,457.03154285781153,455.66043213952446,,
2023-08-04 11:00:00,HINDALCO,456.5,456.75,455.8,456.0,34349,1.286888574629658,458.9325,462.30157428838044,461.0146857137508,456.8503142862492,455.5634257116196,,
2023-08-04 11:05:00,HINDALCO,455.8,455.95,454.7,454.9,99743,1.2795108597037266,458.42249999999996,461.7722594307043,460.49274857100056,456.35225142899935,455.0727405692956,,
2023-08-04 11:10:00,HINDALCO,454.9,455.3,453.9,454.95,81374,1.3036086877629882,457.9325,461.3453475445635,460.0417388568005,455.8232611431995,454.5196524554365,,
2023-08-04 11:15:00,HINDALCO,454.8,455.75,454.75,455.6,32531,1.2428869502103905,457.59,460.8438780356508,459.6009910854404,455.57900891455955,454.33612196434916,,454.75
2023-08-04 11:20:00,HINDALCO,455.75,456.5,455.55,456.35,68714,1.1843095601683102,457.2900000000001,460.39052242852074,459.2062128683524,455.37378713164776,454.1894775714794,,
2023-08-04 11:25:00,HINDALCO,456.35,456.95,455.6,456.5,72757,1.2174476481346415,457.01750000000004,460.2047779428165,458.9873302946819,455.0476697053182,453.83022205718356,,
2023-08-04 11:30:00,HINDALCO,456.35,456.5,454.8,455.95,191236,1.313958118507711,456.80249999999995,460.2424423542531,458.92848423574543,454.6765157642545,453.3625576457468,,
2023-08-04 11:35:00,HINDALCO,455.9,456.1,455.1,455.95,48704,1.2511664948061687,456.625,459.90055388340255,458.6493873885964,454.6006126114036,453.34944611659745,,
2023-08-04 11:40:00,HINDALCO,455.9,457.8,455.9,457.8,91055,1.3809331958449418,456.53999999999996,460.15528310672204,458.7743499108771,454.3056500891228,452.9247168932779,,
2023-08-04 11:45:00,HINDALCO,457.8,459.3,457.75,458.75,106852,1.4147465566759558,456.5275,460.2313064853776,458.8165599287017,454.23844007129827,452.82369351462233,,
2023-08-04 11:50:00,HINDALCO,458.7,459.65,458.55,459.45,50355,1.3517972453407578,456.6175,460.1565051883021,458.80470794296133,454.4302920570387,453.0784948116979,459.65,
2023-08-04 11:55:00,HINDALCO,459.4,461.0,459.3,460.95,85552,1.421437796272604,456.77,460.4913241506417,459.06988635436903,454.47011364563093,453.0486758493583,,
2023-08-04 12:00:00,HINDALCO,460.95,461.3,460.15,461.0,58015,1.3671502370180901,456.96999999999997,460.5491993205133,459.18204908349526,454.7579509165047,453.39080067948663,,
2023-08-04 12:05:00,HINDALCO,461.15,461.45,460.85,461.1,48946,1.2137201896144654,457.1175,460.29501945641067,459.08129926679624,455.1537007332038,453.93998054358934,,
2023-08-04 12:10:00,HINDALCO,461.1,461.9,460.9,461.55,53197,1.1709761516915724,457.37,460.43561556512856,459.26463941343695,455.47536058656306,454.30438443487145,,
2023-08-04 12:15:00,HINDALCO,461.9,462.5,460.8,461.95,84325,1.2767809213532557,457.67749999999995,461.02011245210275,459.7433315307495,455.6116684692504,454.33488754789715,,
2023-08-04 12:20:00,HINDALCO,461.95,461.95,461.05,461.15,47565,1.2014247370826001,457.9124999999999,461.05782996168216,459.85640522459954,455.9685947754003,454.76717003831766,,
2023-08-04 12:25:00,HINDALCO,461.15,461.9,460.55,461.75,44558,1.2311397896660734,458.2025,461.4256239693458,460.1944841796797,456.21051582032027,454.9793760306542,,
2023-08-04 12:30:00,HINDALCO,461.7,461.8,460.95,460.95,20453,1.1549118317328633,458.45500000000004,461.4785591754767,460.3236473437438,456.5863526562563,455.4314408245234,,
2023-08-04 12:35:00,HINDALCO,460.95,461.1,460.2,460.8,19286,1.1039294653862974,458.66999999999996,461.5600873403813,460.456157874995,456.88384212500495,455.7799126596186,,
2023-08-04 12:40:00,HINDALCO,460.8,460.8,460.0,460.25,22657,1.0431435723090403,458.8825,461.61344987230507,460.57030629999605,457.19469370000394,456.1515501276949,460.8,
2023-08-04 12:45:00,HINDALCO,460.2,461.0,460.0,460.9,20257,1.0345148578472323,459.18250000000006,461.8908598978441,460.8563450399969,457.50865496000324,456.474140102156,,
2023-08-04 12:50:00,HINDALCO,460.7,460.85,459.35,459.7,41408,1.127611886277786,459.41999999999996,462.3720879182752,461.2444760319974,457.5955239680025,456.4679120817247,,
2023-08-04 12:55:00,HINDALCO,459.7,459.7,459.0,459.65,62566,1.0420895090222266,459.62249999999995,462.35069033462014,461.3086008255979,457.93639917440197,456.89430966537975,,
2023-08-04 13:00:00,HINDALCO,459.6,459.8,459.4,459.4,17795,0.9136716072177882,459.775,462.1669922676962,461.2533206604784,458.2966793395216,457.3830077323038,,
2023-08-04 13:05:00,HINDALCO,459.5,459.55,459.0,459.45,31491,0.8409372857742329,459.92249999999996,462.1240738141569,461.28313652838267,458.56186347161724,457.72092618584304,,
2023-08-04 13:10:00,HINDALCO,459.5,459.75,459.1,459.5,39497,0.8027498286193818,460.1,462.20159905132556,461.3988492227062,458.80115077729386,457.9984009486745,,
2023-08-04 13:15:00,HINDALCO,459.5,459.8,459.0,459.65,22482,0.8021998628955077,460.28499999999997,462.3851592410604,461.5829593781649,458.98704062183504,458.1848407589395,,
2023-08-04 13:20:00,HINDALCO,459.7,459.7,458.6,458.85,24113,0.8617598903163994,460.3375,462.5935873928483,461.7318275025319,458.943172497468,458.08141260715166,,458.6
2023-08-04 13:25:00,HINDALCO,458.85,459.45,458.65,459.45,25568,0.8494079122531218,460.37250000000006,462.59624991427876,461.74684200202563,458.9981579979745,458.14875008572136,,
2023-08-04 13:30:00,HINDALCO,459.5,459.7,458.1,458.55,54460,0.9995263298024907,460.3275,462.9442599314229,461.94473360162044,458.71026639837953,457.7107400685771,,
2023-08-04 13:35:00,HINDALCO,458.55,459.55,457.85,459.25,47270,1.1396210638419904,460.2425,463.22602794513836,462.08640688129634,458.3985931187037,457.25897205486166,,
2023-08-04 13:40:00,HINDALCO,459.35,459.65,458.85,459.2,14047,1.0716968510735834,460.15250000000003,462.9582023561107,461.88650550503706,458.418494494963,457.3467976438894,,
2023-08-04 13:45:00,HINDALCO,459.35,460.0,459.05,459.7,33133,1.0473574808588646,460.0825,462.8244818848885,461.7771244040296,458.38787559597034,457.3405181151115,,
2023-08-04 13:50:00,HINDALCO,459.7,459.95,459.0,459.0,23205,1.0278859846870896,459.9549999999999,462.64600550791073,461.61811952322364,458.2918804767762,457.2639944920891,,
2023-08-04 13:55:00,HINDALCO,459.1,459.6,458.3,458.5,18815,1.082308787749674,459.78249999999997,462.6159844063286,461.53367561857897,458.031324381421,456.94901559367133,,
2023-08-04 14:00:00,HINDALCO,458.45,458.5,457.35,458.35,29596,1.0958470301997347,459.64250000000004,462.51142752506297,461.4155804948632,457.8694195051369,456.7735724749371,,
2023-08-04 14:05:00,HINDALCO,458.2,458.55,457.7,457.7,28851,1.0466776241597924,459.44000000000005,462.1802020200504,461.1335243958906,457.7464756041095,456.6997979799497,,
2023-08-04 14:10:00,HINDALCO,457.75,458.5,457.55,458.5,21798,1.0273420993278317,459.3175,462.00708161604024,460.9797395167124,457.6552604832876,456.62791838395975,,
2023-08-04 14:15:00,HINDALCO,458.5,459.1,458.4,459.05,26021,0.9618736794622745,459.23,461.74818529283226,460.78631161337,457.67368838663003,456.7118147071678,,
2023-08-04 14:20:00,HINDALCO,459.05,459.65,459.0,459.25,17064,0.8994989435698151,459.18,461.5348882342658,460.63538929069597,457.72461070930405,456.8251117657342,,
2023-08-04 14:25:00,HINDALCO,459.2,459.65,458.55,459.5,23488,0.9395991548558453,459.10999999999996,461.56987058741254,460.6302714325567,457.5897285674432,456.6501294125874,,
2023-08-04 14:30:00,HINDALCO,459.55,459.6,458.7,458.95,14934,0.9316793238846831,459.07250000000005,461.5116364699301,460.57995714604544,457.56504285395465,456.63336353006997,,
2023-08-04 14:35:00,HINDALCO,458.95,459.0,458.5,458.85,10135,0.8453434591077466,459.0325000000001,461.24560917594414,460.40026571683643,457.66473428316374,456.81939082405603,,
2023-08-04 14:40:00,HINDALCO,458.85,459.5,458.6,458.75,18326,0.8562747672861928,459.0,461.24172734075523,460.3854525734691,457.6145474265309,456.75827265924477,,
2023-08-04 14:45:00,HINDALCO,458.75,459.0,458.0,458.2,35596,0.8850198138289542,458.9375,461.2544818726042,460.36946205877524,457.50553794122476,456.6205181273958,,
2023-08-04 14:50:00,HINDALCO,458.25,458.35,457.4,457.85,26857,0.8980158510631726,458.855,461.2060054980834,460.30798964702024,457.4020103529798,456.5039945019166,,
2023-08-04 14:55:00,HINDALCO,457.85,457.85,456.5,457.45,66390,0.9884126808505427,458.74500000000006,461.33266439846676,460.34425171761626,457.14574828238386,456.15733560153336,,
2023-08-04 15:00:00,HINDALCO,457.45,458.4,456.15,456.35,53915,1.2407301446804342,458.62,461.86823151877337,460.62750137409296,456.61249862590705,455.37176848122664,,
2023-08-04 15:05:00,HINDALCO,456.5,457.85,456.4,457.5,52747,1.2925841157443474,458.5224999999999,461.9064852150186,460.6139010992743,456.43109890072554,455.1385147849812,,
2023-08-04 15:10:00,HINDALCO,457.7,457.7,456.4,457.15,74906,1.2940672925954801,458.45250000000004,461.840368172015,460.5463008794195,456.3586991205806,455.06463182798507,,
2023-08-04 15:15:00,HINDALCO,457.05,457.2,456.5,456.8,74655,1.1752538340763818,458.33000000000004,461.40681453761204,460.23156070353565,456.42843929646443,455.25318546238805,,
2023-08-04 15:20:00,HINDALCO,456.75,457.55,456.4,457.0,88656,1.1702030672611123,458.21999999999997,461.2835916300896,460.11338856282845,456.3266114371715,455.15640836991037,,
2023-08-04 15:25:00,HINDALCO,456.95,457.5,456.2,457.1,57150,1.1961624538088922,458.09000000000003,461.22155330407173,460.0253908502628,456.15460914973727,454.95844669592833,,
