Symbol,Timestamp,Open,High,Low,Close,Volume
ADANIENT,2023-08-01T09:15:00+05:30,2504.85,2508.35,2492.95,2504.5,91812
ADANIENT,2023-08-01T09:20:00+05:30,2504.5,2514.0,2500.95,2507.1,85933
ADANIENT,2023-08-01T09:25:00+05:30,2507.65,2507.65,2497.05,2498.2,57473
ADANIENT,2023-08-01T09:30:00+05:30,2499.0,2503.0,2495.1,2499.7,33460
ADANIENT,2023-08-01T09:35:00+05:30,2500.9,2501.65,2495.55,2496.05,19404
ADANIENT,2023-08-01T09:40:00+05:30,2497.45,2497.95,2486.15,2492.95,68843
ADANIENT,2023-08-01T09:45:00+05:30,2492.95,2494.05,2486.35,2487.5,46239
ADANIENT,2023-08-01T09:50:00+05:30,2488.0,2491.35,2481.25,2484.5,38404
ADANIENT,2023-08-01T09:55:00+05:30,2484.8,2487.55,2482.0,2483.0,18021
ADANIENT,2023-08-01T10:00:00+05:30,2483.2,2488.55,2481.2,2482.75,24049
ADANIENT,2023-08-01T10:05:00+05:30,2482.1,2489.65,2482.1,2485.5,17906
ADANIENT,2023-08-01T10:10:00+05:30,2485.55,2485.75,2478.15,2483.0,33897
ADANIENT,2023-08-01T10:15:00+05:30,2483.0,2484.0,2479.0,2482.65,19904
ADANIENT,2023-08-01T10:20:00+05:30,2483.0,2483.5,2475.0,2476.45,19971
ADANIENT,2023-08-01T10:25:00+05:30,2476.45,2479.1,2474.25,2474.25,28147
ADANIENT,2023-08-01T10:30:00+05:30,2474.0,2474.25,2469.35,2471.0,38342
ADANIENT,2023-08-01T10:35:00+05:30,2471.0,2472.5,2468.0,2469.9,20294
ADANIENT,2023-08-01T10:40:00+05:30,2470.2,2470.85,2465.0,2465.2,25990
ADANIENT,2023-08-01T10:45:00+05:30,2465.15,2466.3,2455.4,2461.65,58145
ADANIENT,2023-08-01T10:50:00+05:30,2461.05,2464.5,2457.0,2462.0,23876
ADANIENT,2023-08-01T10:55:00+05:30,2462.4,2467.95,2460.35,2467.95,33854
ADANIENT,2023-08-01T11:00:00+05:30,2467.85,2469.15,2460.25,2462.0,34361
ADANIENT,2023-08-01T11:05:00+05:30,2462.0,2464.0,2461.0,2462.25,9747
ADANIENT,2023-08-01T11:10:00+05:30,2462.0,2467.6,2458.95,2464.75,21404
ADANIENT,2023-08-01T11:15:00+05:30,2464.75,2465.5,2462.7,2464.95,5475
ADANIENT,2023-08-01T11:20:00+05:30,2464.95,2464.95,2461.15,2464.0,8706
ADANIENT,2023-08-01T11:25:00+05:30,2464.0,2466.1,2462.9,2465.15,7899
ADANIENT,2023-08-01T11:30:00+05:30,2465.95,2467.9,2462.0,2462.5,14079
ADANIENT,2023-08-01T11:35:00+05:30,2463.0,2464.45,2460.4,2464.45,8946
ADANIENT,2023-08-01T11:40:00+05:30,2464.05,2467.0,2462.3,2465.15,4377
ADANIENT,2023-08-01T11:45:00+05:30,2465.0,2472.0,2465.0,2470.0,14473
ADANIENT,2023-08-01T11:50:00+05:30,2470.25,2471.0,2468.0,2470.0,9089
ADANIENT,2023-08-01T11:55:00+05:30,2470.0,2473.0,2469.4,2471.25,9096
ADANIENT,2023-08-01T12:00:00+05:30,2471.75,2471.75,2469.0,2469.0,4184
ADANIENT,2023-08-01T12:05:00+05:30,2469.0,2469.5,2465.05,2466.55,8237
ADANIENT,2023-08-01T12:10:00+05:30,2466.55,2470.6,2466.55,2470.4,10553
ADANIENT,2023-08-01T12:15:00+05:30,2470.5,2470.5,2465.55,2468.0,5339
ADANIENT,2023-08-01T12:20:00+05:30,2468.1,2469.45,2466.8,2468.95,4846
ADANIENT,2023-08-01T12:25:00+05:30,2468.95,2469.0,2466.0,2467.25,5407
ADANIENT,2023-08-01T12:30:00+05:30,2467.25,2467.95,2466.0,2466.4,5907
ADANIENT,2023-08-01T12:35:00+05:30,2467.0,2468.95,2461.25,2461.45,28984
ADANIENT,2023-08-01T12:40:00+05:30,2461.75,2464.7,2460.0,2462.95,17899
ADANIENT,2023-08-01T12:45:00+05:30,2462.5,2464.5,2461.7,2463.0,6082
ADANIENT,2023-08-01T12:50:00+05:30,2463.0,2467.1,2461.95,2463.45,7294
ADANIENT,2023-08-01T12:55:00+05:30,2462.0,2465.1,2461.5,2465.0,6304
ADANIENT,2023-08-01T13:00:00+05:30,2465.0,2465.8,2464.05,2465.25,1953
ADANIENT,2023-08-01T13:05:00+05:30,2464.25,2469.35,2464.15,2469.0,8127
ADANIENT,2023-08-01T13:10:00+05:30,2469.0,2471.7,2466.5,2469.45,8896
ADANIENT,2023-08-01T13:15:00+05:30,2469.55,2470.95,2468.45,2469.5,6057
ADANIENT,2023-08-01T13:20:00+05:30,2469.5,2470.95,2468.65,2470.8,7888
ADANIENT,2023-08-01T13:25:00+05:30,2470.4,2470.8,2468.2,2468.95,4012
ADANIENT,2023-08-01T13:30:00+05:30,2468.95,2472.95,2468.5,2471.9,18292
ADANIENT,2023-08-01T13:35:00+05:30,2471.5,2472.5,2470.4,2471.4,11047
ADANIENT,2023-08-01T13:40:00+05:30,2471.0,2471.0,2468.55,2470.0,4998
ADANIENT,2023-08-01T13:45:00+05:30,2470.3,2474.85,2468.8,2474.0,11384
ADANIENT,2023-08-01T13:50:00+05:30,2474.0,2476.0,2473.25,2474.7,19587
ADANIENT,2023-08-01T13:55:00+05:30,2473.65,2474.0,2471.3,2472.0,3742
ADANIENT,2023-08-01T14:00:00+05:30,2471.9,2473.8,2471.2,2473.2,5980
ADANIENT,2023-08-01T14:05:00+05:30,2473.2,2477.95,2472.9,2476.0,12057
ADANIENT,2023-08-01T14:10:00+05:30,2476.0,2479.0,2475.2,2477.0,10576
ADANIENT,2023-08-01T14:15:00+05:30,2476.8,2478.0,2475.6,2475.8,4773
ADANIENT,2023-08-01T14:20:00+05:30,2475.9,2480.45,2475.55,2480.45,19959
ADANIENT,2023-08-01T14:25:00+05:30,2481.35,2484.0,2480.0,2482.05,19088
ADANIENT,2023-08-01T14:30:00+05:30,2482.6,2485.0,2481.25,2482.45,23537
ADANIENT,2023-08-01T14:35:00+05:30,2482.5,2486.0,2481.3,2485.75,25375
ADANIENT,2023-08-01T14:40:00+05:30,2485.0,2486.0,2483.3,2483.3,12505
ADANIENT,2023-08-01T14:45:00+05:30,2483.65,2485.85,2482.0,2483.7,17033
ADANIENT,2023-08-01T14:50:00+05:30,2484.05,2485.45,2481.4,2483.2,15244
ADANIENT,2023-08-01T14:55:00+05:30,2481.8,2484.55,2481.3,2483.7,13686
ADANIENT,2023-08-01T15:00:00+05:30,2484.95,2488.45,2484.0,2485.95,24970
ADANIENT,2023-08-01T15:05:00+05:30,2485.95,2486.05,2478.1,2478.2,31557
ADANIENT,2023-08-01T15:10:00+05:30,2479.55,2485.75,2478.3,2483.0,28110
ADANIENT,2023-08-01T15:15:00+05:30,2482.95,2483.6,2478.0,2479.0,46640
ADANIENT,2023-08-01T15:20:00+05:30,2478.95,2483.3,2476.6,2481.3,55285
ADANIENT,2023-08-01T15:25:00+05:30,2482.0,2482.0,2479.2,2481.9,31008
ADANIENT,2023-08-02T09:15:00+05:30,2493.0,2493.0,2461.2,2479.1,85879
ADANIENT,2023-08-02T09:20:00+05:30,2480.35,2494.7,2475.0,2490.75,76702
ADANIENT,2023-08-02T09:25:00+05:30,2490.05,2500.4,2490.05,2493.5,76497
ADANIENT,2023-08-02T09:30:00+05:30,2493.0,2497.0,2485.05,2491.0,48176
ADANIENT,2023-08-02T09:35:00+05:30,2491.85,2504.5,2491.8,2501.0,107965
ADANIENT,2023-08-02T09:40:00+05:30,2501.0,2503.0,2496.0,2501.0,53684
ADANIENT,2023-08-02T09:45:00+05:30,2501.45,2509.4,2497.3,2508.35,93960
ADANIENT,2023-08-02T09:50:00+05:30,2508.35,2510.0,2501.0,2505.0,51302
ADANIENT,2023-08-02T09:55:00+05:30,2504.0,2504.9,2494.4,2495.25,46297
ADANIENT,2023-08-02T10:00:00+05:30,2495.25,2497.0,2490.0,2490.55,42822
ADANIENT,2023-08-02T10:05:00+05:30,2490.05,2492.0,2486.7,2490.85,31418
ADANIENT,2023-08-02T10:10:00+05:30,2490.8,2491.45,2485.05,2486.9,17271
ADANIENT,2023-08-02T10:15:00+05:30,2486.85,2490.0,2485.6,2489.0,10430
ADANIENT,2023-08-02T10:20:00+05:30,2489.0,2494.0,2487.35,2492.95,19867
ADANIENT,2023-08-02T10:25:00+05:30,2492.95,2498.8,2490.0,2495.0,20316
ADANIENT,2023-08-02T10:30:00+05:30,2495.0,2495.0,2487.0,2487.0,17179
ADANIENT,2023-08-02T10:35:00+05:30,2487.2,2494.45,2486.65,2493.3,12188
ADANIENT,2023-08-02T10:40:00+05:30,2493.3,2494.8,2488.35,2493.05,27909
ADANIENT,2023-08-02T10:45:00+05:30,2493.0,2495.8,2489.8,2495.6,16161
ADANIENT,2023-08-02T10:50:00+05:30,2495.95,2508.0,2492.8,2508.0,63380
ADANIENT,2023-08-02T10:55:00+05:30,2508.7,2512.7,2500.45,2511.05,133423
ADANIENT,2023-08-02T11:00:00+05:30,2512.0,2514.0,2501.0,2502.55,124207
ADANIENT,2023-08-02T11:05:00+05:30,2502.55,2503.75,2492.4,2496.0,72362
ADANIENT,2023-08-02T11:10:00+05:30,2495.6,2496.0,2491.0,2493.6,39058
ADANIENT,2023-08-02T11:15:00+05:30,2494.0,2494.0,2490.5,2493.8,30318
ADANIENT,2023-08-02T11:20:00+05:30,2495.25,2503.15,2491.35,2503.15,29393
ADANIENT,2023-08-02T11:25:00+05:30,2503.0,2505.0,2494.85,2495.0,26007
ADANIENT,2023-08-02T11:30:00+05:30,2495.0,2495.8,2486.05,2488.25,43904
ADANIENT,2023-08-02T11:35:00+05:30,2488.0,2489.0,2481.0,2481.0,53723
ADANIENT,2023-08-02T11:40:00+05:30,2481.15,2485.0,2477.0,2483.8,41461
ADANIENT,2023-08-02T11:45:00+05:30,2483.8,2486.0,2479.5,2486.0,22813
ADANIENT,2023-08-02T11:50:00+05:30,2486.0,2486.9,2483.15,2485.5,8715
ADANIENT,2023-08-02T11:55:00+05:30,2485.0,2485.5,2483.5,2484.8,5123
ADANIENT,2023-08-02T12:00:00+05:30,2484.9,2485.0,2475.05,2478.95,28021
ADANIENT,2023-08-02T12:05:00+05:30,2479.35,2485.45,2478.0,2483.95,15999
ADANIENT,2023-08-02T12:10:00+05:30,2483.25,2484.8,2481.0,2481.9,5255
ADANIENT,2023-08-02T12:15:00+05:30,2481.8,2481.8,2475.0,2477.1,20118
ADANIENT,2023-08-02T12:20:00+05:30,2477.1,2481.55,2476.0,2481.55,10672
ADANIENT,2023-08-02T12:25:00+05:30,2481.4,2481.95,2476.0,2476.0,8471
ADANIENT,2023-08-02T12:30:00+05:30,2476.25,2481.9,2476.05,2478.25,34791
ADANIENT,2023-08-02T12:35:00+05:30,2478.0,2489.25,2478.0,2486.0,21494
ADANIENT,2023-08-02T12:40:00+05:30,2486.1,2489.0,2486.05,2488.5,19573
ADANIENT,2023-08-02T12:45:00+05:30,2488.0,2491.45,2488.0,2490.0,15383
ADANIENT,2023-08-02T12:50:00+05:30,2490.0,2490.4,2482.85,2484.3,12708
ADANIENT,2023-08-02T12:55:00+05:30,2484.0,2485.8,2482.1,2482.1,5507
ADANIENT,2023-08-02T13:00:00+05:30,2482.1,2484.0,2478.0,2478.95,11788
ADANIENT,2023-08-02T13:05:00+05:30,2478.0,2482.95,2476.65,2481.7,10785
ADANIENT,2023-08-02T13:10:00+05:30,2481.7,2486.0,2481.25,2482.0,10168
ADANIENT,2023-08-02T13:15:00+05:30,2482.45,2482.45,2477.0,2478.95,11180
ADANIENT,2023-08-02T13:20:00+05:30,2478.0,2479.95,2472.55,2475.45,29162
ADANIENT,2023-08-02T13:25:00+05:30,2475.0,2477.35,2470.0,2472.0,37404
ADANIENT,2023-08-02T13:30:00+05:30,2472.0,2478.0,2470.3,2475.0,20997
ADANIENT,2023-08-02T13:35:00+05:30,2475.25,2476.8,2471.0,2473.05,16844
ADANIENT,2023-08-02T13:40:00+05:30,2473.0,2473.95,2466.3,2467.75,41878
ADANIENT,2023-08-02T13:45:00+05:30,2467.15,2473.65,2467.0,2468.95,15728
ADANIENT,2023-08-02T13:50:00+05:30,2469.0,2472.85,2468.8,2472.5,15420
ADANIENT,2023-08-02T13:55:00+05:30,2472.5,2477.15,2463.4,2465.95,31603
ADANIENT,2023-08-02T14:00:00+05:30,2465.95,2468.45,2462.0,2463.3,15206
ADANIENT,2023-08-02T14:05:00+05:30,2463.25,2466.35,2459.0,2464.0,32341
ADANIENT,2023-08-02T14:10:00+05:30,2464.85,2465.05,2456.3,2458.65,27763
ADANIENT,2023-08-02T14:15:00+05:30,2458.85,2458.85,2451.1,2451.9,39431
ADANIENT,2023-08-02T14:20:00+05:30,2451.9,2458.45,2451.0,2452.0,28156
ADANIENT,2023-08-02T14:25:00+05:30,2452.5,2456.95,2452.0,2456.2,19299
ADANIENT,2023-08-02T14:30:00+05:30,2456.3,2458.0,2453.0,2455.55,15975
ADANIENT,2023-08-02T14:35:00+05:30,2455.05,2460.0,2453.0,2460.0,19129
ADANIENT,2023-08-02T14:40:00+05:30,2460.0,2464.65,2458.25,2462.0,16272
ADANIENT,2023-08-02T14:45:00+05:30,2462.45,2463.55,2460.0,2461.9,8257
ADANIENT,2023-08-02T14:50:00+05:30,2462.55,2467.85,2462.55,2467.8,14029
ADANIENT,2023-08-02T14:55:00+05:30,2467.8,2472.9,2467.6,2471.85,28888
ADANIENT,2023-08-02T15:00:00+05:30,2471.0,2479.0,2470.0,2472.85,40739
ADANIENT,2023-08-02T15:05:00+05:30,2472.85,2475.9,2470.15,2471.0,41144
ADANIENT,2023-08-02T15:10:00+05:30,2473.55,2475.0,2471.85,2474.0,21124
ADANIENT,2023-08-02T15:15:00+05:30,2473.85,2476.6,2472.0,2473.8,52576
ADANIENT,2023-08-02T15:20:00+05:30,2473.75,2475.0,2470.0,2472.45,46552
ADANIENT,2023-08-02T15:25:00+05:30,2472.75,2474.35,2469.3,2473.2,30847
ADANIENT,2023-08-03T09:15:00+05:30,2469.9,2495.75,2462.25,2492.05,125469
ADANIENT,2023-08-03T09:20:00+05:30,2493.0,2499.0,2485.3,2495.75,80986
ADANIENT,2023-08-03T09:25:00+05:30,2496.65,2502.75,2491.45,2496.35,101920
ADANIENT,2023-08-03T09:30:00+05:30,2496.05,2502.0,2484.6,2487.95,77682
ADANIENT,2023-08-03T09:35:00+05:30,2487.6,2488.0,2475.2,2476.3,64223
ADANIENT,2023-08-03T09:40:00+05:30,2476.2,2481.9,2473.0,2476.9,41821
ADANIENT,2023-08-03T09:45:00+05:30,2477.5,2483.9,2473.0,2479.8,30355
ADANIENT,2023-08-03T09:50:00+05:30,2477.95,2483.95,2477.6,2482.05,21130
ADANIENT,2023-08-03T09:55:00+05:30,2482.0,2489.1,2480.0,2481.6,22889
ADANIENT,2023-08-03T10:00:00+05:30,2481.0,2482.7,2477.0,2482.7,18657
ADANIENT,2023-08-03T10:05:00+05:30,2483.35,2487.0,2480.9,2482.6,17964
ADANIENT,2023-08-03T10:10:00+05:30,2482.6,2495.0,2482.25,2494.75,34214
ADANIENT,2023-08-03T10:15:00+05:30,2494.45,2499.0,2491.75,2492.4,46288
ADANIENT,2023-08-03T10:20:00+05:30,2493.0,2496.8,2489.0,2493.1,27068
ADANIENT,2023-08-03T10:25:00+05:30,2493.1,2496.1,2488.85,2496.1,16737
ADANIENT,2023-08-03T10:30:00+05:30,2495.7,2509.55,2495.0,2505.6,125703
ADANIENT,2023-08-03T10:35:00+05:30,2506.4,2510.0,2500.0,2504.7,82616
ADANIENT,2023-08-03T10:40:00+05:30,2504.65,2522.0,2502.0,2521.45,210402
ADANIENT,2023-08-03T10:45:00+05:30,2521.6,2543.75,2521.6,2534.35,312976
ADANIENT,2023-08-03T10:50:00+05:30,2535.05,2539.55,2531.45,2533.0,201392
ADANIENT,2023-08-03T10:55:00+05:30,2533.05,2538.25,2526.15,2528.25,97831
ADANIENT,2023-08-03T11:00:00+05:30,2528.35,2538.35,2528.25,2535.3,131299
ADANIENT,2023-08-03T11:05:00+05:30,2535.1,2537.0,2528.5,2529.0,75880
ADANIENT,2023-08-03T11:10:00+05:30,2529.0,2529.8,2516.1,2524.5,80557
ADANIENT,2023-08-03T11:15:00+05:30,2524.0,2525.85,2517.1,2519.9,31814
ADANIENT,2023-08-03T11:20:00+05:30,2519.9,2521.9,2515.0,2515.6,48092
ADANIENT,2023-08-03T11:25:00+05:30,2515.6,2528.0,2511.7,2524.5,72027
ADANIENT,2023-08-03T11:30:00+05:30,2525.0,2527.55,2521.0,2521.15,23285
ADANIENT,2023-08-03T11:35:00+05:30,2522.0,2522.95,2520.0,2520.0,13988
ADANIENT,2023-08-03T11:40:00+05:30,2520.0,2528.0,2516.75,2526.0,33759
ADANIENT,2023-08-03T11:45:00+05:30,2526.0,2530.0,2524.05,2524.65,73921
ADANIENT,2023-08-03T11:50:00+05:30,2525.55,2532.0,2520.8,2524.55,61135
ADANIENT,2023-08-03T11:55:00+05:30,2524.55,2524.55,2519.95,2519.95,11240
ADANIENT,2023-08-03T12:00:00+05:30,2520.0,2521.0,2512.45,2514.0,32824
ADANIENT,2023-08-03T12:05:00+05:30,2513.1,2521.75,2513.1,2519.1,20423
ADANIENT,2023-08-03T12:10:00+05:30,2518.1,2519.9,2515.6,2519.8,11633
ADANIENT,2023-08-03T12:15:00+05:30,2517.75,2519.55,2513.0,2514.1,28779
ADANIENT,2023-08-03T12:20:00+05:30,2515.0,2516.0,2502.05,2509.4,68320
ADANIENT,2023-08-03T12:25:00+05:30,2508.0,2512.45,2505.7,2509.1,24439
ADANIENT,2023-08-03T12:30:00+05:30,2509.15,2510.8,2506.0,2507.2,17396
ADANIENT,2023-08-03T12:35:00+05:30,2507.2,2511.0,2503.0,2503.0,18236
ADANIENT,2023-08-03T12:40:00+05:30,2503.5,2507.0,2503.5,2505.9,11893
ADANIENT,2023-08-03T12:45:00+05:30,2504.55,2505.85,2498.15,2501.5,43328
ADANIENT,2023-08-03T12:50:00+05:30,2501.5,2504.0,2500.0,2500.55,11827
ADANIENT,2023-08-03T12:55:00+05:30,2500.1,2501.0,2494.15,2499.2,26666
ADANIENT,2023-08-03T13:00:00+05:30,2499.3,2499.6,2491.05,2491.05,30211
ADANIENT,2023-08-03T13:05:00+05:30,2490.95,2500.0,2490.1,2494.4,26624
ADANIENT,2023-08-03T13:10:00+05:30,2493.2,2502.5,2491.0,2499.8,19521
ADANIENT,2023-08-03T13:15:00+05:30,2500.65,2501.95,2491.6,2493.05,31271
ADANIENT,2023-08-03T13:20:00+05:30,2493.1,2497.25,2489.0,2490.6,40901
ADANIENT,2023-08-03T13:25:00+05:30,2490.1,2493.65,2490.0,2492.5,13123
ADANIENT,2023-08-03T13:30:00+05:30,2492.5,2500.0,2491.55,2497.1,17730
ADANIENT,2023-08-03T13:35:00+05:30,2497.55,2499.9,2492.8,2497.85,10310
ADANIENT,2023-08-03T13:40:00+05:30,2497.25,2499.4,2493.0,2493.95,10636
ADANIENT,2023-08-03T13:45:00+05:30,2493.4,2494.0,2486.2,2492.65,34165
ADANIENT,2023-08-03T13:50:00+05:30,2492.25,2494.25,2491.0,2493.6,11879
ADANIENT,2023-08-03T13:55:00+05:30,2493.6,2493.9,2485.85,2485.9,17071
ADANIENT,2023-08-03T14:00:00+05:30,2485.9,2491.3,2485.25,2488.8,13171
ADANIENT,2023-08-03T14:05:00+05:30,2489.6,2492.2,2488.2,2489.45,11133
ADANIENT,2023-08-03T14:10:00+05:30,2489.3,2493.8,2486.3,2492.55,12716
ADANIENT,2023-08-03T14:15:00+05:30,2492.6,2493.05,2487.6,2490.05,10033
ADANIENT,2023-08-03T14:20:00+05:30,2490.4,2497.95,2490.3,2494.35,20031
ADANIENT,2023-08-03T14:25:00+05:30,2494.55,2505.75,2494.1,2505.4,38919
ADANIENT,2023-08-03T14:30:00+05:30,2504.95,2510.0,2503.6,2505.8,44799
ADANIENT,2023-08-03T14:35:00+05:30,2505.8,2514.65,2504.1,2511.2,46178
ADANIENT,2023-08-03T14:40:00+05:30,2511.25,2511.65,2506.0,2506.0,58658
ADANIENT,2023-08-03T14:45:00+05:30,2506.4,2510.0,2505.85,2508.65,34758
ADANIENT,2023-08-03T14:50:00+05:30,2508.75,2509.6,2505.25,2507.45,41851
ADANIENT,2023-08-03T14:55:00+05:30,2507.45,2521.0,2498.05,2505.65,182334
ADANIENT,2023-08-03T15:00:00+05:30,2503.45,2516.45,2502.3,2515.85,120236
ADANIENT,2023-08-03T15:05:00+05:30,2516.85,2531.15,2514.0,2529.4,305912
ADANIENT,2023-08-03T15:10:00+05:30,2529.65,2540.0,2518.6,2540.0,182733
ADANIENT,2023-08-03T15:15:00+05:30,2540.0,2550.0,2537.0,2546.0,387112
ADANIENT,2023-08-03T15:20:00+05:30,2545.15,2546.85,2528.8,2535.15,119243
ADANIENT,2023-08-03T15:25:00+05:30,2535.0,2535.7,2527.5,2534.5,90836
ADANIENT,2023-08-04T09:15:00+05:30,2545.3,2555.5,2525.6,2550.0,372230
ADANIENT,2023-08-04T09:20:00+05:30,2548.9,2551.85,2538.2,2541.0,243511
ADANIENT,2023-08-04T09:25:00+05:30,2540.65,2557.5,2540.0,2541.9,133057
ADANIENT,2023-08-04T09:30:00+05:30,2540.55,2550.9,2531.65,2550.05,179823
ADANIENT,2023-08-04T09:35:00+05:30,2550.0,2550.0,2518.95,2520.5,145334
ADANIENT,2023-08-04T09:40:00+05:30,2518.9,2522.4,2502.05,2507.7,125189
ADANIENT,2023-08-04T09:45:00+05:30,2508.0,2513.4,2504.4,2507.6,57438
ADANIENT,2023-08-04T09:50:00+05:30,2508.3,2531.0,2506.0,2530.85,166239
ADANIENT,2023-08-04T09:55:00+05:30,2531.0,2539.3,2527.45,2535.35,99676
ADANIENT,2023-08-04T10:00:00+05:30,2535.25,2545.0,2535.25,2544.05,84858
ADANIENT,2023-08-04T10:05:00+05:30,2544.0,2550.0,2538.1,2543.35,90328
ADANIENT,2023-08-04T10:10:00+05:30,2543.5,2548.0,2539.0,2546.0,68981
ADANIENT,2023-08-04T10:15:00+05:30,2547.0,2548.0,2539.0,2540.7,51071
ADANIENT,2023-08-04T10:20:00+05:30,2540.7,2542.85,2536.0,2536.1,15515
ADANIENT,2023-08-04T10:25:00+05:30,2536.0,2539.95,2534.0,2538.7,19750
ADANIENT,2023-08-04T10:30:00+05:30,2538.7,2542.4,2532.5,2534.9,28947
ADANIENT,2023-08-04T10:35:00+05:30,2534.6,2535.6,2530.35,2533.95,20618
ADANIENT,2023-08-04T10:40:00+05:30,2533.35,2534.8,2528.0,2531.0,23009
ADANIENT,2023-08-04T10:45:00+05:30,2531.0,2531.0,2526.0,2527.45,20871
ADANIENT,2023-08-04T10:50:00+05:30,2528.3,2532.0,2526.95,2529.05,13543
ADANIENT,2023-08-04T10:55:00+05:30,2528.0,2530.8,2524.0,2526.0,14660
ADANIENT,2023-08-04T11:00:00+05:30,2527.0,2531.7,2523.0,2531.0,16224
ADANIENT,2023-08-04T11:05:00+05:30,2531.75,2534.5,2528.4,2530.0,11719
ADANIENT,2023-08-04T11:10:00+05:30,2530.0,2531.55,2526.0,2526.0,7499
ADANIENT,2023-08-04T11:15:00+05:30,2526.7,2529.0,2525.0,2527.5,43768
ADANIENT,2023-08-04T11:20:00+05:30,2527.5,2527.5,2521.0,2521.05,20101
ADANIENT,2023-08-04T11:25:00+05:30,2521.6,2522.65,2516.55,2519.2,76061
ADANIENT,2023-08-04T11:30:00+05:30,2519.75,2523.95,2518.3,2522.1,12184
ADANIENT,2023-08-04T11:35:00+05:30,2523.25,2523.25,2521.2,2522.0,20257
ADANIENT,2023-08-04T11:40:00+05:30,2521.3,2529.85,2520.8,2528.8,7531
ADANIENT,2023-08-04T11:45:00+05:30,2529.7,2532.5,2529.0,2529.15,14886
ADANIENT,2023-08-04T11:50:00+05:30,2530.0,2530.95,2527.5,2528.0,7681
ADANIENT,2023-08-04T11:55:00+05:30,2528.1,2530.95,2526.6,2529.2,7921
ADANIENT,2023-08-04T12:00:00+05:30,2530.5,2530.75,2527.0,2527.5,6678
ADANIENT,2023-08-04T12:05:00+05:30,2527.7,2529.75,2525.0,2528.55,7857
ADANIENT,2023-08-04T12:10:00+05:30,2530.95,2535.0,2530.85,2532.0,18219
ADANIENT,2023-08-04T12:15:00+05:30,2532.5,2535.0,2531.4,2534.95,9778
ADANIENT,2023-08-04T12:20:00+05:30,2535.0,2539.9,2533.1,2538.0,36324
ADANIENT,2023-08-04T12:25:00+05:30,2538.2,2538.2,2535.05,2536.6,9547
ADANIENT,2023-08-04T12:30:00+05:30,2536.6,2542.5,2535.45,2536.85,34858
ADANIENT,2023-08-04T12:35:00+05:30,2538.0,2538.25,2533.0,2533.1,10004
ADANIENT,2023-08-04T12:40:00+05:30,2533.95,2535.8,2530.15,2530.55,9293
ADANIENT,2023-08-04T12:45:00+05:30,2531.05,2538.6,2530.2,2533.45,11287
ADANIENT,2023-08-04T12:50:00+05:30,2533.5,2537.35,2531.25,2533.45,6516
ADANIENT,2023-08-04T12:55:00+05:30,2533.45,2536.0,2531.75,2536.0,8184
ADANIENT,2023-08-04T13:00:00+05:30,2535.5,2539.9,2535.05,2536.65,16542
ADANIENT,2023-08-04T13:05:00+05:30,2537.4,2538.0,2534.0,2534.75,6857
ADANIENT,2023-08-04T13:10:00+05:30,2534.75,2535.0,2532.5,2533.05,3912
ADANIENT,2023-08-04T13:15:00+05:30,2532.5,2536.0,2531.1,2531.2,7994
ADANIENT,2023-08-04T13:20:00+05:30,2531.2,2532.95,2530.15,2530.15,5699
ADANIENT,2023-08-04T13:25:00+05:30,2528.1,2531.5,2528.1,2529.55,13744
ADANIENT,2023-08-04T13:30:00+05:30,2528.45,2529.55,2524.0,2524.0,18802
ADANIENT,2023-08-04T13:35:00+05:30,2524.0,2528.0,2522.0,2527.0,17816
ADANIENT,2023-08-04T13:40:00+05:30,2528.35,2529.1,2525.0,2528.0,9766
ADANIENT,2023-08-04T13:45:00+05:30,2527.35,2528.25,2524.0,2527.9,8155
ADANIENT,2023-08-04T13:50:00+05:30,2527.85,2527.95,2525.0,2526.55,55889
ADANIENT,2023-08-04T13:55:00+05:30,2527.4,2531.95,2525.0,2525.0,13716
ADANIENT,2023-08-04T14:00:00+05:30,2525.0,2525.45,2521.0,2523.25,16043
ADANIENT,2023-08-04T14:05:00+05:30,2523.55,2524.65,2522.1,2523.6,4404
ADANIENT,2023-08-04T14:10:00+05:30,2523.0,2528.3,2522.5,2528.1,17004
ADANIENT,2023-08-04T14:15:00+05:30,2528.3,2530.0,2524.9,2529.8,16452
ADANIENT,2023-08-04T14:20:00+05:30,2528.95,2531.0,2526.7,2527.65,12238
ADANIENT,2023-08-04T14:25:00+05:30,2527.6,2528.9,2525.0,2525.7,5764
ADANIENT,2023-08-04T14:30:00+05:30,2526.3,2536.4,2526.3,2536.05,52682
ADANIENT,2023-08-04T14:35:00+05:30,2536.05,2542.0,2534.75,2539.75,90776
ADANIENT,2023-08-04T14:40:00+05:30,2539.75,2540.0,2536.0,2536.6,17954
ADANIENT,2023-08-04T14:45:00+05:30,2537.55,2541.0,2534.0,2534.0,29924
ADANIENT,2023-08-04T14:50:00+05:30,2536.25,2540.5,2533.1,2533.55,22719
ADANIENT,2023-08-04T14:55:00+05:30,2533.5,2537.0,2532.25,2535.0,13024
ADANIENT,2023-08-04T15:00:00+05:30,2535.6,2540.9,2535.6,2537.0,24399
ADANIENT,2023-08-04T15:05:00+05:30,2537.0,2542.55,2536.75,2542.0,77647
ADANIENT,2023-08-04T15:10:00+05:30,2541.3,2545.5,2540.05,2543.1,91753
ADANIENT,2023-08-04T15:15:00+05:30,2543.95,2545.0,2540.0,2540.9,99335
ADANIENT,2023-08-04T15:20:00+05:30,2540.9,2542.6,2538.15,2540.0,66648
ADANIENT,2023-08-04T15:25:00+05:30,2541.8,2542.0,2536.15,2536.15,60145
SBIN,2023-08-01T09:15:00+05:30,620.2,620.8,618.85,619.75,323488
SBIN,2023-08-01T09:20:00+05:30,619.6,619.9,618.9,619.3,186768
SBIN,2023-08-01T09:25:00+05:30,619.4,619.45,619.0,619.25,158188
SBIN,2023-08-01T09:30:00+05:30,619.2,620.2,619.0,619.8,152087
SBIN,2023-08-01T09:35:00+05:30,619.6,619.75,618.65,618.75,134693
SBIN,2023-08-01T09:40:00+05:30,618.65,618.75,617.75,618.5,171488
SBIN,2023-08-01T09:45:00+05:30,618.45,619.0,618.4,618.7,100436
SBIN,2023-08-01T09:50:00+05:30,618.75,618.95,618.5,618.55,96515
SBIN,2023-08-01T09:55:00+05:30,618.55,618.9,618.15,618.9,111071
SBIN,2023-08-01T10:00:00+05:30,618.95,619.25,618.45,618.65,134882
SBIN,2023-08-01T10:05:00+05:30,618.9,620.2,618.65,619.7,174010
SBIN,2023-08-01T10:10:00+05:30,619.75,619.8,619.2,619.65,99933
SBIN,2023-08-01T10:15:00+05:30,619.5,619.75,619.35,619.6,71876
SBIN,2023-08-01T10:20:00+05:30,619.6,619.6,618.8,619.05,97074
SBIN,2023-08-01T10:25:00+05:30,618.9,619.2,618.25,619.05,129818
SBIN,2023-08-01T10:30:00+05:30,619.0,619.0,618.0,618.4,162415
SBIN,2023-08-01T10:35:00+05:30,618.25,618.45,617.05,617.25,197458
SBIN,2023-08-01T10:40:00+05:30,617.3,617.5,617.1,617.45,117193
SBIN,2023-08-01T10:45:00+05:30,617.45,617.45,616.6,616.9,256886
SBIN,2023-08-01T10:50:00+05:30,616.85,617.0,616.1,616.6,195187
SBIN,2023-08-01T10:55:00+05:30,616.5,617.0,616.3,616.7,159962
SBIN,2023-08-01T11:00:00+05:30,616.8,616.85,616.05,616.2,99592
SBIN,2023-08-01T11:05:00+05:30,616.15,616.5,616.1,616.3,60556
SBIN,2023-08-01T11:10:00+05:30,616.5,616.5,616.3,616.5,47678
SBIN,2023-08-01T11:15:00+05:30,616.45,616.5,616.2,616.3,37568
SBIN,2023-08-01T11:20:00+05:30,616.35,616.4,615.5,615.75,156950
SBIN,2023-08-01T11:25:00+05:30,615.75,616.4,615.55,615.95,96320
SBIN,2023-08-01T11:30:00+05:30,615.95,616.0,615.5,615.8,57946
SBIN,2023-08-01T11:35:00+05:30,615.55,615.95,615.55,615.75,52851
SBIN,2023-08-01T11:40:00+05:30,615.7,615.8,615.15,615.25,73258
SBIN,2023-08-01T11:45:00+05:30,615.5,615.75,615.25,615.6,46307
SBIN,2023-08-01T11:50:00+05:30,615.65,615.65,615.2,615.5,38081
SBIN,2023-08-01T11:55:00+05:30,615.55,615.75,615.5,615.7,28137
SBIN,2023-08-01T12:00:00+05:30,615.75,615.8,615.05,615.1,82238
SBIN,2023-08-01T12:05:00+05:30,615.2,615.2,613.1,613.1,229346
SBIN,2023-08-01T12:10:00+05:30,613.0,613.5,612.5,613.4,417986
SBIN,2023-08-01T12:15:00+05:30,613.2,613.5,612.15,613.05,307277
SBIN,2023-08-01T12:20:00+05:30,612.9,613.4,612.35,612.45,110900
SBIN,2023-08-01T12:25:00+05:30,612.55,612.6,610.65,611.0,519053
SBIN,2023-08-01T12:30:00+05:30,611.2,611.85,610.95,611.7,135269
SBIN,2023-08-01T12:35:00+05:30,611.85,612.35,611.25,611.5,219951
SBIN,2023-08-01T12:40:00+05:30,611.55,611.8,611.1,611.4,74857
SBIN,2023-08-01T12:45:00+05:30,611.4,611.95,611.2,611.6,69353
SBIN,2023-08-01T12:50:00+05:30,611.55,612.85,611.35,612.5,113140
SBIN,2023-08-01T12:55:00+05:30,612.4,612.7,612.05,612.15,120685
SBIN,2023-08-01T13:00:00+05:30,612.35,613.0,612.0,612.25,318184
SBIN,2023-08-01T13:05:00+05:30,612.35,613.0,611.85,611.9,366319
SBIN,2023-08-01T13:10:00+05:30,611.9,612.95,611.6,612.9,95815
SBIN,2023-08-01T13:15:00+05:30,612.9,613.0,612.5,612.9,145919
SBIN,2023-08-01T13:20:00+05:30,612.95,613.0,612.45,612.9,192959
SBIN,2023-08-01T13:25:00+05:30,612.9,613.0,612.3,613.0,125879
SBIN,2023-08-01T13:30:00+05:30,612.95,613.9,612.85,613.75,156137
SBIN,2023-08-01T13:35:00+05:30,613.8,614.3,613.3,614.2,229972
SBIN,2023-08-01T13:40:00+05:30,614.3,614.35,612.65,612.7,213746
SBIN,2023-08-01T13:45:00+05:30,612.75,613.6,612.7,613.3,132162
SBIN,2023-08-01T13:50:00+05:30,613.2,614.15,613.15,613.4,482745
SBIN,2023-08-01T13:55:00+05:30,613.1,613.45,612.3,612.5,154861
SBIN,2023-08-01T14:00:00+05:30,612.6,612.75,611.25,611.8,221727
SBIN,2023-08-01T14:05:00+05:30,611.55,612.25,611.25,611.85,200841
SBIN,2023-08-01T14:10:00+05:30,611.85,612.0,611.25,611.4,97167
SBIN,2023-08-01T14:15:00+05:30,611.35,611.7,610.9,611.35,328223
SBIN,2023-08-01T14:20:00+05:30,611.35,612.6,611.1,612.3,302976
SBIN,2023-08-01T14:25:00+05:30,612.3,613.0,611.5,612.95,183939
SBIN,2023-08-01T14:30:00+05:30,612.9,613.3,612.65,612.95,192573
SBIN,2023-08-01T14:35:00+05:30,612.85,613.25,612.45,613.2,107256
SBIN,2023-08-01T14:40:00+05:30,613.2,613.35,612.4,612.5,169593
SBIN,2023-08-01T14:45:00+05:30,612.45,613.0,612.0,612.75,175745
SBIN,2023-08-01T14:50:00+05:30,612.75,612.85,611.4,611.95,334572
SBIN,2023-08-01T14:55:00+05:30,611.95,612.1,611.1,612.05,278285
SBIN,2023-08-01T15:00:00+05:30,612.05,612.45,611.5,612.15,383250
SBIN,2023-08-01T15:05:00+05:30,612.0,612.45,611.1,611.3,297726
SBIN,2023-08-01T15:10:00+05:30,611.2,611.8,611.2,611.7,166249
SBIN,2023-08-01T15:15:00+05:30,611.65,612.1,611.4,612.0,395343
SBIN,2023-08-01T15:20:00+05:30,612.0,612.55,611.0,612.0,361171
SBIN,2023-08-01T15:25:00+05:30,612.0,612.35,612.0,612.35,221687
SBIN,2023-08-02T09:15:00+05:30,609.85,610.0,607.45,608.2,612792
SBIN,2023-08-02T09:20:00+05:30,608.0,608.7,607.6,607.95,240031
SBIN,2023-08-02T09:25:00+05:30,608.0,608.0,605.9,606.4,367630
SBIN,2023-08-02T09:30:00+05:30,606.3,608.8,606.2,608.7,181913
SBIN,2023-08-02T09:35:00+05:30,608.8,609.35,608.3,609.05,197668
SBIN,2023-08-02T09:40:00+05:30,609.1,609.8,608.8,609.05,127185
SBIN,2023-08-02T09:45:00+05:30,609.05,609.3,609.0,609.0,62040
SBIN,2023-08-02T09:50:00+05:30,608.85,609.25,608.35,609.05,89719
SBIN,2023-08-02T09:55:00+05:30,609.05,610.5,608.95,609.9,159212
SBIN,2023-08-02T10:00:00+05:30,609.85,610.1,608.9,608.9,78098
SBIN,2023-08-02T10:05:00+05:30,608.85,609.4,608.55,609.35,54016
SBIN,2023-08-02T10:10:00+05:30,609.4,609.45,608.4,608.4,57812
SBIN,2023-08-02T10:15:00+05:30,608.5,608.85,608.05,608.25,48852
SBIN,2023-08-02T10:20:00+05:30,608.35,609.25,608.3,609.0,63213
SBIN,2023-08-02T10:25:00+05:30,609.0,609.25,608.25,608.5,65121
SBIN,2023-08-02T10:30:00+05:30,608.55,608.65,607.1,607.15,169260
SBIN,2023-08-02T10:35:00+05:30,607.1,607.8,607.05,607.4,183544
SBIN,2023-08-02T10:40:00+05:30,607.2,607.45,606.6,606.9,133417
SBIN,2023-08-02T10:45:00+05:30,606.95,607.15,606.25,606.5,101868
SBIN,2023-08-02T10:50:00+05:30,606.45,606.8,606.0,606.3,166600
SBIN,2023-08-02T10:55:00+05:30,606.4,606.4,605.65,605.95,157351
SBIN,2023-08-02T11:00:00+05:30,605.95,606.0,604.25,604.5,220642
SBIN,2023-08-02T11:05:00+05:30,604.3,605.4,603.65,605.1,249082
SBIN,2023-08-02T11:10:00+05:30,605.05,605.15,604.0,604.1,151164
SBIN,2023-08-02T11:15:00+05:30,604.25,604.85,604.0,604.2,158225
SBIN,2023-08-02T11:20:00+05:30,604.25,605.0,603.8,604.95,214313
SBIN,2023-08-02T11:25:00+05:30,604.95,605.15,603.5,603.55,260410
SBIN,2023-08-02T11:30:00+05:30,603.55,603.95,603.05,603.5,160289
SBIN,2023-08-02T11:35:00+05:30,603.5,603.7,601.8,601.8,196463
SBIN,2023-08-02T11:40:00+05:30,601.85,603.25,601.7,602.55,125662
SBIN,2023-08-02T11:45:00+05:30,602.55,602.55,601.45,601.5,216565
SBIN,2023-08-02T11:50:00+05:30,601.5,602.4,601.1,602.2,120222
SBIN,2023-08-02T11:55:00+05:30,602.2,602.35,600.8,601.05,256764
SBIN,2023-08-02T12:00:00+05:30,600.95,601.65,600.8,601.45,152705
SBIN,2023-08-02T12:05:00+05:30,601.35,602.65,601.35,602.55,274310
SBIN,2023-08-02T12:10:00+05:30,602.6,602.9,602.05,602.2,111937
SBIN,2023-08-02T12:15:00+05:30,602.35,602.5,602.0,602.1,108755
SBIN,2023-08-02T12:20:00+05:30,602.0,602.65,602.0,602.6,82371
SBIN,2023-08-02T12:25:00+05:30,602.4,602.6,601.6,601.85,65460
SBIN,2023-08-02T12:30:00+05:30,601.7,603.2,601.7,603.05,191431
SBIN,2023-08-02T12:35:00+05:30,603.1,604.0,603.05,604.0,151206
SBIN,2023-08-02T12:40:00+05:30,604.0,604.0,603.05,603.3,195935
SBIN,2023-08-02T12:45:00+05:30,603.4,603.55,603.0,603.45,124379
SBIN,2023-08-02T12:50:00+05:30,603.5,603.7,601.65,601.8,132624
SBIN,2023-08-02T12:55:00+05:30,601.75,601.8,600.9,601.45,333415
SBIN,2023-08-02T13:00:00+05:30,601.3,601.75,601.2,601.2,112785
SBIN,2023-08-02T13:05:00+05:30,601.3,602.2,601.05,602.0,78410
SBIN,2023-08-02T13:10:00+05:30,602.15,602.2,600.25,600.5,287027
SBIN,2023-08-02T13:15:00+05:30,600.25,600.55,599.3,599.75,401719
SBIN,2023-08-02T13:20:00+05:30,599.75,600.1,598.65,598.9,241036
SBIN,2023-08-02T13:25:00+05:30,598.9,599.6,598.65,599.0,161780
SBIN,2023-08-02T13:30:00+05:30,599.0,599.75,597.45,598.1,214967
SBIN,2023-08-02T13:35:00+05:30,598.35,599.0,597.4,597.55,139845
SBIN,2023-08-02T13:40:00+05:30,597.6,597.9,596.0,596.0,208397
SBIN,2023-08-02T13:45:00+05:30,596.1,597.25,595.8,596.95,197198
SBIN,2023-08-02T13:50:00+05:30,596.95,597.95,596.75,597.75,176524
SBIN,2023-08-02T13:55:00+05:30,597.7,598.15,596.35,596.4,346171
SBIN,2023-08-02T14:00:00+05:30,596.6,597.9,596.3,597.25,201031
SBIN,2023-08-02T14:05:00+05:30,597.25,598.1,596.9,597.85,185384
SBIN,2023-08-02T14:10:00+05:30,597.85,598.05,596.35,596.5,167710
SBIN,2023-08-02T14:15:00+05:30,596.45,596.75,594.9,595.1,296199
SBIN,2023-08-02T14:20:00+05:30,595.0,596.2,594.1,594.7,240280
SBIN,2023-08-02T14:25:00+05:30,594.7,595.95,594.5,595.75,115201
SBIN,2023-08-02T14:30:00+05:30,595.7,596.45,595.5,595.9,117507
SBIN,2023-08-02T14:35:00+05:30,595.8,597.0,595.4,597.0,338363
SBIN,2023-08-02T14:40:00+05:30,597.0,598.25,596.6,597.25,352951
SBIN,2023-08-02T14:45:00+05:30,597.2,597.65,596.35,597.5,237912
SBIN,2023-08-02T14:50:00+05:30,597.25,597.7,596.7,597.1,132230
SBIN,2023-08-02T14:55:00+05:30,597.1,598.25,597.0,597.85,212017
SBIN,2023-08-02T15:00:00+05:30,597.85,598.5,597.0,597.15,487287
SBIN,2023-08-02T15:05:00+05:30,597.1,597.45,597.0,597.4,314623
SBIN,2023-08-02T15:10:00+05:30,597.45,599.5,597.45,599.5,397354
SBIN,2023-08-02T15:15:00+05:30,599.3,599.55,598.55,599.3,474850
SBIN,2023-08-02T15:20:00+05:30,599.3,599.4,598.5,598.85,321300
SBIN,2023-08-02T15:25:00+05:30,598.75,598.9,598.3,598.9,193313
SBIN,2023-08-03T09:15:00+05:30,598.7,598.9,595.3,598.9,374315
SBIN,2023-08-03T09:20:00+05:30,598.6,599.8,598.0,599.0,430436
SBIN,2023-08-03T09:25:00+05:30,599.15,600.0,598.5,599.7,224837
SBIN,2023-08-03T09:30:00+05:30,599.7,600.85,598.05,598.4,293380
SBIN,2023-08-03T09:35:00+05:30,598.2,598.4,596.2,596.75,234748
SBIN,2023-08-03T09:40:00+05:30,596.75,597.25,595.6,596.3,164526
SBIN,2023-08-03T09:45:00+05:30,596.35,598.2,595.4,597.75,257721
SBIN,2023-08-03T09:50:00+05:30,597.7,599.0,597.45,598.45,289345
SBIN,2023-08-03T09:55:00+05:30,598.6,599.4,595.2,595.6,555342
SBIN,2023-08-03T10:00:00+05:30,595.7,596.3,593.55,594.75,557926
SBIN,2023-08-03T10:05:00+05:30,594.8,595.2,593.5,593.55,249122
SBIN,2023-08-03T10:10:00+05:30,593.65,593.7,592.0,592.2,309992
SBIN,2023-08-03T10:15:00+05:30,592.2,593.45,591.75,593.2,264182
SBIN,2023-08-03T10:20:00+05:30,593.0,593.05,591.5,591.8,281056
SBIN,2023-08-03T10:25:00+05:30,591.8,593.25,590.7,593.1,306712
SBIN,2023-08-03T10:30:00+05:30,592.8,593.7,592.55,592.9,146789
SBIN,2023-08-03T10:35:00+05:30,592.8,593.35,592.2,592.85,83864
SBIN,2023-08-03T10:40:00+05:30,592.9,593.25,591.55,591.7,102179
SBIN,2023-08-03T10:45:00+05:30,591.75,592.65,591.2,591.25,109057
SBIN,2023-08-03T10:50:00+05:30,591.35,592.8,591.2,592.8,115451
SBIN,2023-08-03T10:55:00+05:30,592.85,593.7,591.65,592.35,280419
SBIN,2023-08-03T11:00:00+05:30,592.35,593.4,592.0,593.35,176669
SBIN,2023-08-03T11:05:00+05:30,593.1,593.7,592.65,593.55,163848
SBIN,2023-08-03T11:10:00+05:30,593.4,594.2,592.7,593.05,216688
SBIN,2023-08-03T11:15:00+05:30,593.05,593.1,592.05,592.55,197404
SBIN,2023-08-03T11:20:00+05:30,592.55,592.95,592.0,592.9,244385
SBIN,2023-08-03T11:25:00+05:30,592.7,594.75,592.5,594.75,181266
SBIN,2023-08-03T11:30:00+05:30,594.75,596.0,594.4,595.1,359616
SBIN,2023-08-03T11:35:00+05:30,595.2,595.45,594.1,595.15,221826
SBIN,2023-08-03T11:40:00+05:30,595.15,595.2,594.5,594.85,106964
SBIN,2023-08-03T11:45:00+05:30,594.85,595.75,593.8,593.8,287804
SBIN,2023-08-03T11:50:00+05:30,593.95,594.9,593.45,594.5,177478
SBIN,2023-08-03T11:55:00+05:30,594.5,595.4,594.0,595.0,179636
SBIN,2023-08-03T12:00:00+05:30,595.0,595.7,592.8,593.5,269244
SBIN,2023-08-03T12:05:00+05:30,593.35,593.35,592.25,592.95,369862
SBIN,2023-08-03T12:10:00+05:30,592.95,593.35,591.75,591.9,244168
SBIN,2023-08-03T12:15:00+05:30,591.9,592.65,591.65,592.1,474073
SBIN,2023-08-03T12:20:00+05:30,592.3,592.3,590.05,590.1,427936
SBIN,2023-08-03T12:25:00+05:30,590.35,590.5,589.1,589.7,525879
SBIN,2023-08-03T12:30:00+05:30,589.6,590.0,588.95,589.45,438624
SBIN,2023-08-03T12:35:00+05:30,589.35,590.1,588.8,588.85,382494
SBIN,2023-08-03T12:40:00+05:30,588.85,590.5,588.85,589.9,276553
SBIN,2023-08-03T12:45:00+05:30,589.9,589.9,588.0,588.05,735272
SBIN,2023-08-03T12:50:00+05:30,588.05,589.4,587.9,588.4,459584
SBIN,2023-08-03T12:55:00+05:30,588.55,588.6,587.55,588.1,229502
SBIN,2023-08-03T13:00:00+05:30,588.15,588.8,587.0,588.25,322324
SBIN,2023-08-03T13:05:00+05:30,588.25,589.95,588.0,589.45,248345
SBIN,2023-08-03T13:10:00+05:30,589.3,590.5,589.3,590.35,682291
SBIN,2023-08-03T13:15:00+05:30,590.35,590.95,589.7,589.75,275156
SBIN,2023-08-03T13:20:00+05:30,589.95,590.15,589.0,589.8,240191
SBIN,2023-08-03T13:25:00+05:30,589.45,589.95,588.9,589.35,251814
SBIN,2023-08-03T13:30:00+05:30,589.35,589.8,588.55,589.05,370996
SBIN,2023-08-03T13:35:00+05:30,588.85,589.2,587.35,587.4,442359
SBIN,2023-08-03T13:40:00+05:30,587.55,588.0,587.05,587.4,496139
SBIN,2023-08-03T13:45:00+05:30,587.2,587.65,587.05,587.6,111058
SBIN,2023-08-03T13:50:00+05:30,587.45,588.5,587.25,588.0,268961
SBIN,2023-08-03T13:55:00+05:30,588.0,588.25,586.2,586.65,678325
SBIN,2023-08-03T14:00:00+05:30,586.65,587.85,585.95,586.65,818700
SBIN,2023-08-03T14:05:00+05:30,586.75,587.05,585.25,585.6,641972
SBIN,2023-08-03T14:10:00+05:30,585.4,586.0,585.05,586.0,644272
SBIN,2023-08-03T14:15:00+05:30,586.0,586.9,585.9,586.75,177059
SBIN,2023-08-03T14:20:00+05:30,586.8,587.9,586.65,587.3,235245
SBIN,2023-08-03T14:25:00+05:30,587.3,588.5,587.05,588.1,576057
SBIN,2023-08-03T14:30:00+05:30,587.9,589.15,587.75,588.85,455719
SBIN,2023-08-03T14:35:00+05:30,588.75,589.95,588.6,589.75,393481
SBIN,2023-08-03T14:40:00+05:30,589.75,590.1,586.9,587.1,778900
SBIN,2023-08-03T14:45:00+05:30,587.05,588.0,586.95,587.45,387226
SBIN,2023-08-03T14:50:00+05:30,587.45,587.9,586.6,587.6,762626
SBIN,2023-08-03T14:55:00+05:30,587.5,589.45,587.5,589.3,326288
SBIN,2023-08-03T15:00:00+05:30,589.3,590.25,588.85,589.3,759016
SBIN,2023-08-03T15:05:00+05:30,589.3,590.0,589.0,589.15,809058
SBIN,2023-08-03T15:10:00+05:30,589.15,590.8,589.15,590.8,797299
SBIN,2023-08-03T15:15:00+05:30,590.8,591.85,590.2,591.5,670277
SBIN,2023-08-03T15:20:00+05:30,591.5,592.4,591.1,592.05,714019
SBIN,2023-08-03T15:25:00+05:30,592.1,592.55,591.15,591.4,422345
SBIN,2023-08-04T09:15:00+05:30,594.8,594.8,589.1,593.15,1103954
SBIN,2023-08-04T09:20:00+05:30,593.35,593.65,591.55,592.25,611913
SBIN,2023-08-04T09:25:00+05:30,592.2,592.8,591.5,592.5,337519
SBIN,2023-08-04T09:30:00+05:30,592.45,592.65,590.55,591.85,452577
SBIN,2023-08-04T09:35:00+05:30,591.85,592.05,590.3,590.9,309596
SBIN,2023-08-04T09:40:00+05:30,590.9,591.1,588.05,588.5,710884
SBIN,2023-08-04T09:45:00+05:30,588.6,590.4,588.0,590.1,374557
SBIN,2023-08-04T09:50:00+05:30,590.25,591.5,589.6,591.5,429483
SBIN,2023-08-04T09:55:00+05:30,591.65,591.85,591.05,591.45,191263
SBIN,2023-08-04T10:00:00+05:30,591.5,591.65,590.55,591.3,195339
SBIN,2023-08-04T10:05:00+05:30,591.25,592.1,590.65,591.95,197124
SBIN,2023-08-04T10:10:00+05:30,592.0,592.7,591.8,592.6,277905
SBIN,2023-08-04T10:15:00+05:30,592.7,592.7,591.5,592.3,252884
SBIN,2023-08-04T10:20:00+05:30,592.25,593.0,592.25,592.8,282241
SBIN,2023-08-04T10:25:00+05:30,592.85,593.25,592.1,592.85,229596
SBIN,2023-08-04T10:30:00+05:30,592.7,592.8,591.75,592.15,221463
SBIN,2023-08-04T10:35:00+05:30,592.15,592.55,591.15,592.55,213774
SBIN,2023-08-04T10:40:00+05:30,592.55,594.6,592.55,594.55,363460
SBIN,2023-08-04T10:45:00+05:30,594.55,594.95,593.2,593.25,363566
SBIN,2023-08-04T10:50:00+05:30,593.5,593.9,593.0,593.05,221746
SBIN,2023-08-04T10:55:00+05:30,593.25,594.3,593.0,594.2,203370
SBIN,2023-08-04T11:00:00+05:30,594.1,595.4,594.0,595.2,298334
SBIN,2023-08-04T11:05:00+05:30,595.25,595.4,594.55,594.7,159779
SBIN,2023-08-04T11:10:00+05:30,594.7,595.75,594.55,595.2,231077
SBIN,2023-08-04T11:15:00+05:30,595.2,596.5,595.0,596.25,462293
SBIN,2023-08-04T11:20:00+05:30,596.2,597.95,596.1,596.9,394238
SBIN,2023-08-04T11:25:00+05:30,596.85,597.75,596.6,597.0,401412
SBIN,2023-08-04T11:30:00+05:30,596.9,597.4,596.55,596.85,164797
SBIN,2023-08-04T11:35:00+05:30,596.85,597.3,596.2,596.35,257845
SBIN,2023-08-04T11:40:00+05:30,596.35,596.65,595.7,596.35,336617
SBIN,2023-08-04T11:45:00+05:30,596.3,598.7,596.3,597.75,559205
SBIN,2023-08-04T11:50:00+05:30,597.7,597.95,596.85,597.1,301413
SBIN,2023-08-04T11:55:00+05:30,597.2,597.55,596.25,596.45,248652
SBIN,2023-08-04T12:00:00+05:30,596.65,596.9,595.45,595.95,191634
SBIN,2023-08-04T12:05:00+05:30,595.95,596.6,595.6,596.0,208035
SBIN,2023-08-04T12:10:00+05:30,596.0,596.8,595.25,596.8,207527
SBIN,2023-08-04T12:15:00+05:30,596.75,597.45,596.5,597.05,245994
SBIN,2023-08-04T12:20:00+05:30,597.05,597.55,596.8,597.25,241750
SBIN,2023-08-04T12:25:00+05:30,597.45,597.5,595.2,595.3,273554
SBIN,2023-08-04T12:30:00+05:30,595.35,595.35,593.4,593.8,404162
SBIN,2023-08-04T12:35:00+05:30,593.9,593.95,592.4,592.7,445585
SBIN,2023-08-04T12:40:00+05:30,592.55,594.55,592.55,594.1,327601
SBIN,2023-08-04T12:45:00+05:30,594.2,594.9,593.7,594.75,288014
SBIN,2023-08-04T12:50:00+05:30,594.75,595.45,594.25,595.2,222460
SBIN,2023-08-04T12:55:00+05:30,595.2,595.4,593.25,593.4,303000
SBIN,2023-08-04T13:00:00+05:30,593.4,594.3,593.1,593.9,348312
SBIN,2023-08-04T13:05:00+05:30,593.9,594.7,593.55,593.85,158168
SBIN,2023-08-04T13:10:00+05:30,593.85,594.15,592.9,593.0,345290
SBIN,2023-08-04T13:15:00+05:30,592.95,593.85,592.75,593.45,122388
SBIN,2023-08-04T13:20:00+05:30,593.5,594.5,590.6,590.85,535050
SBIN,2023-08-04T13:25:00+05:30,590.7,592.15,583.1,585.0,4163469
SBIN,2023-08-04T13:30:00+05:30,585.0,587.5,578.7,579.05,2379361
SBIN,2023-08-04T13:35:00+05:30,578.85,584.7,578.3,584.5,2249355
SBIN,2023-08-04T13:40:00+05:30,584.5,585.7,581.15,583.15,1295356
SBIN,2023-08-04T13:45:00+05:30,583.15,583.3,578.6,579.25,1466652
SBIN,2023-08-04T13:50:00+05:30,579.1,579.1,575.4,577.0,2331785
SBIN,2023-08-04T13:55:00+05:30,577.1,578.05,572.25,573.5,2787480
SBIN,2023-08-04T14:00:00+05:30,573.2,577.6,572.8,575.75,2316090
SBIN,2023-08-04T14:05:00+05:30,575.7,575.7,573.9,574.8,1725704
SBIN,2023-08-04T14:10:00+05:30,574.9,577.05,574.15,576.35,1284094
SBIN,2023-08-04T14:15:00+05:30,576.5,577.75,576.25,577.0,1116674
SBIN,2023-08-04T14:20:00+05:30,576.95,579.7,576.95,577.85,1385767
SBIN,2023-08-04T14:25:00+05:30,577.9,578.3,575.8,576.35,654042
SBIN,2023-08-04T14:30:00+05:30,576.3,576.65,575.1,575.8,505865
SBIN,2023-08-04T14:35:00+05:30,575.8,576.9,575.45,576.85,546676
SBIN,2023-08-04T14:40:00+05:30,576.9,577.7,575.7,576.0,715893
SBIN,2023-08-04T14:45:00+05:30,576.0,577.0,575.5,575.6,802590
SBIN,2023-08-04T14:50:00+05:30,575.6,576.2,574.4,574.95,1804097
SBIN,2023-08-04T14:55:00+05:30,575.0,575.0,574.05,574.8,658628
SBIN,2023-08-04T15:00:00+05:30,574.8,575.9,572.1,572.35,1283972
SBIN,2023-08-04T15:05:00+05:30,572.2,574.85,572.0,574.4,867935
SBIN,2023-08-04T15:10:00+05:30,574.4,575.0,573.9,573.9,653897
SBIN,2023-08-04T15:15:00+05:30,574.0,574.15,572.05,572.3,1146116
SBIN,2023-08-04T15:20:00+05:30,572.2,573.0,571.5,573.0,1251254
SBIN,2023-08-04T15:25:00+05:30,573.0,573.2,572.8,573.2,758915
ICICIBANK,2023-08-01T09:15:00+05:30,1001.65,1003.35,1001.1,1001.7,462482
ICICIBANK,2023-08-01T09:20:00+05:30,1001.65,1002.25,1000.6,1000.7,62802
ICICIBANK,2023-08-01T09:25:00+05:30,1000.65,1000.65,999.2,999.95,76740
ICICIBANK,2023-08-01T09:30:00+05:30,999.95,1000.85,999.05,999.75,103934
ICICIBANK,2023-08-01T09:35:00+05:30,999.75,999.85,998.5,999.35,103024
ICICIBANK,2023-08-01T09:40:00+05:30,999.1,999.35,998.4,999.3,94673
ICICIBANK,2023-08-01T09:45:00+05:30,999.05,1000.95,998.45,1000.0,208534
ICICIBANK,2023-08-01T09:50:00+05:30,999.95,1000.8,999.0,999.0,130836
ICICIBANK,2023-08-01T09:55:00+05:30,999.0,999.45,998.1,998.8,146971
ICICIBANK,2023-08-01T10:00:00+05:30,998.5,999.5,997.6,998.5,141885
ICICIBANK,2023-08-01T10:05:00+05:30,998.5,1000.25,998.3,1000.25,127135
ICICIBANK,2023-08-01T10:10:00+05:30,1000.0,1000.6,999.75,1000.0,130960
ICICIBANK,2023-08-01T10:15:00+05:30,1000.05,1000.7,999.6,1000.15,79843
ICICIBANK,2023-08-01T10:20:00+05:30,999.9,1000.2,999.6,999.85,66310
ICICIBANK,2023-08-01T10:25:00+05:30,999.75,1000.05,999.0,1000.05,42687
ICICIBANK,2023-08-01T10:30:00+05:30,1000.0,1000.35,999.3,1000.05,205973
ICICIBANK,2023-08-01T10:35:00+05:30,1000.05,1000.3,999.0,999.15,37627
ICICIBANK,2023-08-01T10:40:00+05:30,999.15,999.4,998.5,998.6,55511
ICICIBANK,2023-08-01T10:45:00+05:30,998.6,998.9,998.0,998.05,65510
ICICIBANK,2023-08-01T10:50:00+05:30,998.05,998.7,997.4,997.95,146612
ICICIBANK,2023-08-01T10:55:00+05:30,998.0,999.05,997.7,998.85,188120
ICICIBANK,2023-08-01T11:00:00+05:30,998.45,999.25,998.0,998.5,100796
ICICIBANK,2023-08-01T11:05:00+05:30,998.5,998.55,996.15,997.0,232506
ICICIBANK,2023-08-01T11:10:00+05:30,997.0,997.6,996.8,997.3,87915
ICICIBANK,2023-08-01T11:15:00+05:30,997.25,997.5,996.45,997.05,78819
ICICIBANK,2023-08-01T11:20:00+05:30,997.05,997.1,995.75,995.75,64645
ICICIBANK,2023-08-01T11:25:00+05:30,995.9,997.0,995.75,996.0,91115
ICICIBANK,2023-08-01T11:30:00+05:30,996.0,996.5,995.15,995.95,91972
ICICIBANK,2023-08-01T11:35:00+05:30,995.5,996.8,995.5,995.95,65472
ICICIBANK,2023-08-01T11:40:00+05:30,995.95,998.05,995.7,997.9,130663
ICICIBANK,2023-08-01T11:45:00+05:30,998.0,998.25,996.25,996.45,217428
ICICIBANK,2023-08-01T11:50:00+05:30,996.45,996.8,995.8,996.2,18397
ICICIBANK,2023-08-01T11:55:00+05:30,996.2,996.5,995.55,996.35,18134
ICICIBANK,2023-08-01T12:00:00+05:30,996.35,996.45,995.3,996.0,78434
ICICIBANK,2023-08-01T12:05:00+05:30,996.05,996.3,994.6,995.1,99731
ICICIBANK,2023-08-01T12:10:00+05:30,995.1,995.8,994.65,995.1,231292
ICICIBANK,2023-08-01T12:15:00+05:30,995.45,996.85,994.6,996.75,123382
ICICIBANK,2023-08-01T12:20:00+05:30,996.75,996.95,996.0,996.1,177049
ICICIBANK,2023-08-01T12:25:00+05:30,996.4,996.45,992.55,992.55,393288
ICICIBANK,2023-08-01T12:30:00+05:30,992.6,995.3,992.55,994.3,387625
ICICIBANK,2023-08-01T12:35:00+05:30,994.3,994.4,993.05,993.6,123756
ICICIBANK,2023-08-01T12:40:00+05:30,993.9,994.4,993.55,993.9,35577
ICICIBANK,2023-08-01T12:45:00+05:30,993.95,994.45,993.05,993.05,65667
ICICIBANK,2023-08-01T12:50:00+05:30,993.05,994.4,992.7,994.3,304872
ICICIBANK,2023-08-01T12:55:00+05:30,994.05,994.9,992.55,992.95,315325
ICICIBANK,2023-08-01T13:00:00+05:30,992.95,993.1,991.2,991.7,569480
ICICIBANK,2023-08-01T13:05:00+05:30,991.8,992.4,990.5,992.25,509077
ICICIBANK,2023-08-01T13:10:00+05:30,992.2,993.3,991.75,993.25,95461
ICICIBANK,2023-08-01T13:15:00+05:30,993.5,993.5,992.35,992.85,126530
ICICIBANK,2023-08-01T13:20:00+05:30,992.7,994.0,992.3,993.1,242387
ICICIBANK,2023-08-01T13:25:00+05:30,993.4,993.6,992.3,993.6,141591
ICICIBANK,2023-08-01T13:30:00+05:30,993.45,995.0,993.2,994.95,166000
ICICIBANK,2023-08-01T13:35:00+05:30,994.95,995.65,993.8,995.3,170895
ICICIBANK,2023-08-01T13:40:00+05:30,995.3,995.4,992.5,993.2,243407
ICICIBANK,2023-08-01T13:45:00+05:30,992.9,994.2,992.05,994.15,249296
ICICIBANK,2023-08-01T13:50:00+05:30,994.15,994.95,992.55,993.0,360817
ICICIBANK,2023-08-01T13:55:00+05:30,993.5,993.5,991.6,991.6,248012
ICICIBANK,2023-08-01T14:00:00+05:30,991.8,992.65,991.2,991.55,195711
ICICIBANK,2023-08-01T14:05:00+05:30,991.55,992.7,991.2,992.5,235450
ICICIBANK,2023-08-01T14:10:00+05:30,992.5,993.25,991.2,991.65,357096
ICICIBANK,2023-08-01T14:15:00+05:30,991.4,992.3,990.9,991.75,215901
ICICIBANK,2023-08-01T14:20:00+05:30,991.5,994.45,991.4,993.55,397523
ICICIBANK,2023-08-01T14:25:00+05:30,993.9,995.0,993.05,994.4,221512
ICICIBANK,2023-08-01T14:30:00+05:30,994.4,995.25,994.1,994.35,150653
ICICIBANK,2023-08-01T14:35:00+05:30,994.35,995.45,994.05,995.2,129039
ICICIBANK,2023-08-01T14:40:00+05:30,995.2,996.15,994.95,995.1,302576
ICICIBANK,2023-08-01T14:45:00+05:30,995.15,995.45,992.7,993.15,530842
ICICIBANK,2023-08-01T14:50:00+05:30,993.15,993.4,991.4,992.45,497937
ICICIBANK,2023-08-01T14:55:00+05:30,992.55,995.1,992.25,994.95,623697
ICICIBANK,2023-08-01T15:00:00+05:30,994.95,995.3,992.65,995.25,553931
ICICIBANK,2023-08-01T15:05:00+05:30,995.4,995.8,992.55,993.5,665355
ICICIBANK,2023-08-01T15:10:00+05:30,993.55,994.8,993.2,994.4,263895
ICICIBANK,2023-08-01T15:15:00+05:30,994.3,995.05,993.45,995.0,309208
ICICIBANK,2023-08-01T15:20:00+05:30,995.05,996.95,995.0,996.25,258844
ICICIBANK,2023-08-01T15:25:00+05:30,996.0,996.3,995.0,995.65,206639
ICICIBANK,2023-08-02T09:15:00+05:30,985.25,994.0,985.25,992.6,643641
ICICIBANK,2023-08-02T09:20:00+05:30,992.6,993.55,991.6,993.2,347818
ICICIBANK,2023-08-02T09:25:00+05:30,993.05,993.2,990.1,990.85,138551
ICICIBANK,2023-08-02T09:30:00+05:30,990.85,991.4,990.2,990.7,80986
ICICIBANK,2023-08-02T09:35:00+05:30,990.8,991.15,990.1,990.75,109323
ICICIBANK,2023-08-02T09:40:00+05:30,990.7,991.35,990.4,990.5,81412
ICICIBANK,2023-08-02T09:45:00+05:30,990.5,991.25,990.4,990.5,53510
ICICIBANK,2023-08-02T09:50:00+05:30,990.5,991.15,990.35,991.0,46734
ICICIBANK,2023-08-02T09:55:00+05:30,991.0,991.2,990.55,990.95,42625
ICICIBANK,2023-08-02T10:00:00+05:30,991.0,991.4,990.45,991.0,88638
ICICIBANK,2023-08-02T10:05:00+05:30,991.0,991.4,990.95,991.2,27171
ICICIBANK,2023-08-02T10:10:00+05:30,991.3,991.3,989.55,989.8,83574
ICICIBANK,2023-08-02T10:15:00+05:30,989.8,990.0,989.25,989.5,48838
ICICIBANK,2023-08-02T10:20:00+05:30,989.5,990.0,989.4,989.85,66052
ICICIBANK,2023-08-02T10:25:00+05:30,989.8,989.9,989.0,989.75,35433
ICICIBANK,2023-08-02T10:30:00+05:30,989.75,989.9,988.0,988.2,68908
ICICIBANK,2023-08-02T10:35:00+05:30,988.2,989.15,987.65,988.15,158704
ICICIBANK,2023-08-02T10:40:00+05:30,988.15,989.2,987.75,988.6,254513
ICICIBANK,2023-08-02T10:45:00+05:30,988.65,988.7,986.6,986.95,302786
ICICIBANK,2023-08-02T10:50:00+05:30,986.95,987.25,986.6,987.0,76642
ICICIBANK,2023-08-02T10:55:00+05:30,986.9,987.0,986.0,986.1,140937
ICICIBANK,2023-08-02T11:00:00+05:30,986.2,986.2,983.4,983.6,89185
ICICIBANK,2023-08-02T11:05:00+05:30,983.65,984.2,981.75,982.05,387059
ICICIBANK,2023-08-02T11:10:00+05:30,981.85,986.2,981.65,985.75,314843
ICICIBANK,2023-08-02T11:15:00+05:30,985.7,986.0,982.55,982.95,399145
ICICIBANK,2023-08-02T11:20:00+05:30,983.0,984.0,982.5,983.45,102258
ICICIBANK,2023-08-02T11:25:00+05:30,983.35,984.0,983.1,983.25,151736
ICICIBANK,2023-08-02T11:30:00+05:30,983.4,983.7,982.5,983.3,75090
ICICIBANK,2023-08-02T11:35:00+05:30,983.4,984.2,983.05,983.5,309822
ICICIBANK,2023-08-02T11:40:00+05:30,983.45,985.3,983.45,984.5,176225
ICICIBANK,2023-08-02T11:45:00+05:30,984.5,984.7,983.3,984.5,211778
ICICIBANK,2023-08-02T11:50:00+05:30,984.15,984.65,983.35,983.35,81209
ICICIBANK,2023-08-02T11:55:00+05:30,983.25,983.4,981.8,982.05,382945
ICICIBANK,2023-08-02T12:00:00+05:30,981.95,983.45,981.55,982.75,316637
ICICIBANK,2023-08-02T12:05:00+05:30,982.75,985.1,982.7,984.6,357040
ICICIBANK,2023-08-02T12:10:00+05:30,984.6,985.5,984.25,984.7,223051
ICICIBANK,2023-08-02T12:15:00+05:30,984.7,984.95,984.5,984.55,91868
ICICIBANK,2023-08-02T12:20:00+05:30,984.55,985.3,984.5,985.25,54976
ICICIBANK,2023-08-02T12:25:00+05:30,985.3,985.3,984.35,984.6,43571
ICICIBANK,2023-08-02T12:30:00+05:30,984.6,986.35,984.55,986.2,140932
ICICIBANK,2023-08-02T12:35:00+05:30,986.2,988.25,986.1,988.0,101719
ICICIBANK,2023-08-02T12:40:00+05:30,987.85,989.25,986.95,988.5,360846
ICICIBANK,2023-08-02T12:45:00+05:30,988.5,989.1,988.1,989.05,175947
ICICIBANK,2023-08-02T12:50:00+05:30,988.65,989.2,986.0,986.15,151288
ICICIBANK,2023-08-02T12:55:00+05:30,986.15,986.15,983.55,984.65,376041
ICICIBANK,2023-08-02T13:00:00+05:30,984.65,986.15,984.5,986.1,179987
ICICIBANK,2023-08-02T13:05:00+05:30,986.05,986.7,986.05,986.5,143140
ICICIBANK,2023-08-02T13:10:00+05:30,986.55,986.9,984.5,984.65,164422
ICICIBANK,2023-08-02T13:15:00+05:30,984.55,985.4,984.5,985.0,89044
ICICIBANK,2023-08-02T13:20:00+05:30,984.95,985.0,984.0,984.2,140849
ICICIBANK,2023-08-02T13:25:00+05:30,984.0,984.45,983.15,983.8,128749
ICICIBANK,2023-08-02T13:30:00+05:30,983.8,984.7,983.55,984.4,74780
ICICIBANK,2023-08-02T13:35:00+05:30,984.45,985.0,983.0,983.0,203788
ICICIBANK,2023-08-02T13:40:00+05:30,983.0,983.35,978.8,979.0,329548
ICICIBANK,2023-08-02T13:45:00+05:30,978.85,980.0,978.85,980.0,170756
ICICIBANK,2023-08-02T13:50:00+05:30,979.95,981.25,979.95,980.75,126459
ICICIBANK,2023-08-02T13:55:00+05:30,980.75,981.15,978.5,978.75,499690
ICICIBANK,2023-08-02T14:00:00+05:30,979.0,980.7,977.5,979.65,316149
ICICIBANK,2023-08-02T14:05:00+05:30,979.65,980.25,979.35,980.0,133345
ICICIBANK,2023-08-02T14:10:00+05:30,979.95,980.05,979.0,979.3,106820
ICICIBANK,2023-08-02T14:15:00+05:30,979.45,980.0,979.05,979.7,132697
ICICIBANK,2023-08-02T14:20:00+05:30,979.75,980.4,979.45,979.95,265420
ICICIBANK,2023-08-02T14:25:00+05:30,979.95,980.35,978.55,980.0,360161
ICICIBANK,2023-08-02T14:30:00+05:30,980.0,981.6,979.95,981.0,153776
ICICIBANK,2023-08-02T14:35:00+05:30,981.1,981.9,980.4,981.2,134985
ICICIBANK,2023-08-02T14:40:00+05:30,981.25,981.5,980.2,980.95,215641
ICICIBANK,2023-08-02T14:45:00+05:30,980.75,983.0,980.4,983.0,229530
ICICIBANK,2023-08-02T14:50:00+05:30,982.95,984.65,982.9,984.25,136254
ICICIBANK,2023-08-02T14:55:00+05:30,984.2,985.9,983.55,985.35,306418
ICICIBANK,2023-08-02T15:00:00+05:30,985.45,986.0,983.1,983.2,477914
ICICIBANK,2023-08-02T15:05:00+05:30,983.15,983.45,981.6,983.3,497804
ICICIBANK,2023-08-02T15:10:00+05:30,983.25,988.8,983.25,988.75,503997
ICICIBANK,2023-08-02T15:15:00+05:30,988.7,990.8,987.6,990.6,498580
ICICIBANK,2023-08-02T15:20:00+05:30,990.7,990.85,989.2,989.45,510081
ICICIBANK,2023-08-02T15:25:00+05:30,989.8,990.7,986.0,986.05,273222
ICICIBANK,2023-08-03T09:15:00+05:30,976.55,982.55,976.55,979.65,356994
ICICIBANK,2023-08-03T09:20:00+05:30,979.95,983.0,979.45,981.95,527947
ICICIBANK,2023-08-03T09:25:00+05:30,982.2,982.2,979.9,981.25,256033
ICICIBANK,2023-08-03T09:30:00+05:30,981.25,982.2,980.0,980.4,149743
ICICIBANK,2023-08-03T09:35:00+05:30,980.45,981.35,979.55,980.05,95306
ICICIBANK,2023-08-03T09:40:00+05:30,980.05,982.3,980.05,982.1,130916
ICICIBANK,2023-08-03T09:45:00+05:30,982.2,982.2,980.5,981.05,188687
ICICIBANK,2023-08-03T09:50:00+05:30,981.1,981.75,980.35,980.4,210849
ICICIBANK,2023-08-03T09:55:00+05:30,980.45,981.55,979.9,981.0,322615
ICICIBANK,2023-08-03T10:00:00+05:30,981.0,981.75,979.85,980.75,229746
ICICIBANK,2023-08-03T10:05:00+05:30,980.8,981.0,978.3,978.8,211441
ICICIBANK,2023-08-03T10:10:00+05:30,979.05,979.65,977.65,978.25,524997
ICICIBANK,2023-08-03T10:15:00+05:30,978.3,979.75,977.65,978.85,135496
ICICIBANK,2023-08-03T10:20:00+05:30,978.95,979.25,977.65,978.7,108291
ICICIBANK,2023-08-03T10:25:00+05:30,978.85,979.9,978.4,979.5,147709
ICICIBANK,2023-08-03T10:30:00+05:30,979.65,980.35,978.4,978.9,144469
ICICIBANK,2023-08-03T10:35:00+05:30,978.55,979.6,978.5,979.3,133557
ICICIBANK,2023-08-03T10:40:00+05:30,979.35,979.75,978.7,978.85,120637
ICICIBANK,2023-08-03T10:45:00+05:30,979.35,979.55,977.75,977.85,130098
ICICIBANK,2023-08-03T10:50:00+05:30,978.0,979.0,977.8,978.7,47123
ICICIBANK,2023-08-03T10:55:00+05:30,978.85,980.4,978.35,978.5,224120
ICICIBANK,2023-08-03T11:00:00+05:30,978.55,979.65,977.8,978.0,170600
ICICIBANK,2023-08-03T11:05:00+05:30,978.0,978.5,977.65,978.05,59608
ICICIBANK,2023-08-03T11:10:00+05:30,978.05,978.85,977.2,978.1,161881
ICICIBANK,2023-08-03T11:15:00+05:30,978.2,978.5,976.25,977.25,282199
ICICIBANK,2023-08-03T11:20:00+05:30,977.3,977.65,976.5,976.7,224666
ICICIBANK,2023-08-03T11:25:00+05:30,976.65,976.9,976.1,976.5,119069
ICICIBANK,2023-08-03T11:30:00+05:30,976.25,977.3,976.1,976.65,238963
ICICIBANK,2023-08-03T11:35:00+05:30,976.7,977.45,976.4,976.85,113356
ICICIBANK,2023-08-03T11:40:00+05:30,976.85,977.4,976.75,977.0,350494
ICICIBANK,2023-08-03T11:45:00+05:30,976.95,977.2,975.6,975.6,274923
ICICIBANK,2023-08-03T11:50:00+05:30,975.55,975.95,974.3,974.8,197348
ICICIBANK,2023-08-03T11:55:00+05:30,974.75,975.7,974.2,975.2,211973
ICICIBANK,2023-08-03T12:00:00+05:30,975.25,975.65,974.2,974.3,229913
ICICIBANK,2023-08-03T12:05:00+05:30,974.3,975.35,973.2,975.05,401223
ICICIBANK,2023-08-03T12:10:00+05:30,974.95,975.35,973.0,973.2,182417
ICICIBANK,2023-08-03T12:15:00+05:30,973.15,973.45,972.3,973.3,247033
ICICIBANK,2023-08-03T12:20:00+05:30,973.2,973.75,970.55,970.8,360635
ICICIBANK,2023-08-03T12:25:00+05:30,970.75,971.45,969.7,970.3,372472
ICICIBANK,2023-08-03T12:30:00+05:30,970.35,971.65,969.25,971.3,397657
ICICIBANK,2023-08-03T12:35:00+05:30,971.05,971.4,970.1,970.6,229084
ICICIBANK,2023-08-03T12:40:00+05:30,970.9,971.4,970.0,970.7,254031
ICICIBANK,2023-08-03T12:45:00+05:30,970.7,970.7,968.2,969.6,515813
ICICIBANK,2023-08-03T12:50:00+05:30,969.55,970.25,969.0,969.65,362076
ICICIBANK,2023-08-03T12:55:00+05:30,969.5,970.0,967.55,969.1,277835
ICICIBANK,2023-08-03T13:00:00+05:30,969.1,969.3,967.25,968.45,370268
ICICIBANK,2023-08-03T13:05:00+05:30,968.45,969.8,968.35,969.3,292354
ICICIBANK,2023-08-03T13:10:00+05:30,969.3,969.6,967.55,968.95,345447
ICICIBANK,2023-08-03T13:15:00+05:30,968.95,969.8,967.85,968.9,420883
ICICIBANK,2023-08-03T13:20:00+05:30,968.9,969.4,967.7,968.3,334181
ICICIBANK,2023-08-03T13:25:00+05:30,968.35,968.9,966.6,967.25,428439
ICICIBANK,2023-08-03T13:30:00+05:30,967.25,968.2,966.65,967.7,434149
ICICIBANK,2023-08-03T13:35:00+05:30,967.55,969.0,967.55,968.0,429738
ICICIBANK,2023-08-03T13:40:00+05:30,968.0,968.1,966.4,966.45,519068
ICICIBANK,2023-08-03T13:45:00+05:30,966.5,966.7,964.4,965.6,300218
ICICIBANK,2023-08-03T13:50:00+05:30,965.2,966.5,964.4,964.6,637314
ICICIBANK,2023-08-03T13:55:00+05:30,964.55,964.75,962.1,963.15,1284877
ICICIBANK,2023-08-03T14:00:00+05:30,963.0,965.35,962.7,964.4,1138519
ICICIBANK,2023-08-03T14:05:00+05:30,964.4,964.4,961.65,962.4,702850
ICICIBANK,2023-08-03T14:10:00+05:30,962.15,962.9,960.1,960.85,703323
ICICIBANK,2023-08-03T14:15:00+05:30,960.8,962.95,960.7,962.8,341190
ICICIBANK,2023-08-03T14:20:00+05:30,962.75,964.25,961.7,963.55,659188
ICICIBANK,2023-08-03T14:25:00+05:30,963.55,964.1,960.95,963.95,716930
ICICIBANK,2023-08-03T14:30:00+05:30,963.85,965.0,963.2,963.65,635092
ICICIBANK,2023-08-03T14:35:00+05:30,963.55,965.0,962.55,964.9,680442
ICICIBANK,2023-08-03T14:40:00+05:30,964.8,966.0,963.5,963.5,1033975
ICICIBANK,2023-08-03T14:45:00+05:30,963.5,964.6,962.55,963.1,545520
ICICIBANK,2023-08-03T14:50:00+05:30,963.45,964.05,962.05,962.7,1220106
ICICIBANK,2023-08-03T14:55:00+05:30,962.7,964.85,962.5,964.7,668061
ICICIBANK,2023-08-03T15:00:00+05:30,964.65,967.55,963.65,964.2,1197356
ICICIBANK,2023-08-03T15:05:00+05:30,964.2,964.4,961.0,962.6,1609314
ICICIBANK,2023-08-03T15:10:00+05:30,962.55,965.55,962.55,965.55,984831
ICICIBANK,2023-08-03T15:15:00+05:30,965.5,968.7,965.5,968.4,917702
ICICIBANK,2023-08-03T15:20:00+05:30,968.4,968.5,966.55,967.5,370781
ICICIBANK,2023-08-03T15:25:00+05:30,967.6,967.8,965.0,966.5,377730
ICICIBANK,2023-08-04T09:15:00+05:30,968.65,968.65,966.1,967.25,422663
ICICIBANK,2023-08-04T09:20:00+05:30,967.7,967.7,964.4,965.7,225272
ICICIBANK,2023-08-04T09:25:00+05:30,965.95,966.6,964.5,966.45,302052
ICICIBANK,2023-08-04T09:30:00+05:30,966.25,966.75,963.35,966.2,756753
ICICIBANK,2023-08-04T09:35:00+05:30,966.2,966.25,964.1,964.9,143944
ICICIBANK,2023-08-04T09:40:00+05:30,964.95,964.95,962.95,963.1,131569
ICICIBANK,2023-08-04T09:45:00+05:30,963.3,963.3,961.35,963.05,155501
ICICIBANK,2023-08-04T09:50:00+05:30,963.05,965.5,962.85,965.0,288400
ICICIBANK,2023-08-04T09:55:00+05:30,965.0,965.45,963.75,964.95,117462
ICICIBANK,2023-08-04T10:00:00+05:30,965.0,966.05,964.6,966.05,170417
ICICIBANK,2023-08-04T10:05:00+05:30,965.65,967.9,965.4,967.85,370560
ICICIBANK,2023-08-04T10:10:00+05:30,967.9,969.3,967.1,968.7,226597
ICICIBANK,2023-08-04T10:15:00+05:30,968.7,968.8,967.5,968.5,77143
ICICIBANK,2023-08-04T10:20:00+05:30,968.35,970.95,968.35,970.55,267215
ICICIBANK,2023-08-04T10:25:00+05:30,970.6,972.75,970.1,970.45,234458
ICICIBANK,2023-08-04T10:30:00+05:30,970.15,970.6,968.45,968.95,205390
ICICIBANK,2023-08-04T10:35:00+05:30,968.75,970.25,967.0,970.25,310481
ICICIBANK,2023-08-04T10:40:00+05:30,970.25,971.8,968.85,970.5,394682
ICICIBANK,2023-08-04T10:45:00+05:30,970.55,970.55,968.3,969.0,148761
ICICIBANK,2023-08-04T10:50:00+05:30,969.0,969.1,967.15,967.7,299876
ICICIBANK,2023-08-04T10:55:00+05:30,967.65,968.5,967.3,968.45,172737
ICICIBANK,2023-08-04T11:00:00+05:30,968.45,970.55,968.35,970.55,257304
ICICIBANK,2023-08-04T11:05:00+05:30,970.85,972.1,970.6,971.15,157675
ICICIBANK,2023-08-04T11:10:00+05:30,971.0,971.85,969.85,970.05,472639
ICICIBANK,2023-08-04T11:15:00+05:30,970.0,973.9,970.0,973.6,372127
ICICIBANK,2023-08-04T11:20:00+05:30,973.7,974.5,972.8,974.05,227571
ICICIBANK,2023-08-04T11:25:00+05:30,974.0,975.6,973.6,975.5,450423
ICICIBANK,2023-08-04T11:30:00+05:30,975.55,976.0,974.0,974.55,168713
ICICIBANK,2023-08-04T11:35:00+05:30,974.5,975.05,974.05,974.25,349523
ICICIBANK,2023-08-04T11:40:00+05:30,974.1,974.85,972.9,973.95,323707
ICICIBANK,2023-08-04T11:45:00+05:30,973.6,976.0,973.55,975.2,288131
ICICIBANK,2023-08-04T11:50:00+05:30,975.05,975.45,973.55,973.85,214519
ICICIBANK,2023-08-04T11:55:00+05:30,973.85,974.35,973.4,973.75,139618
ICICIBANK,2023-08-04T12:00:00+05:30,974.0,974.0,972.0,972.3,117612
ICICIBANK,2023-08-04T12:05:00+05:30,972.0,972.5,971.4,971.75,242950
ICICIBANK,2023-08-04T12:10:00+05:30,971.75,973.5,971.5,973.3,136123
ICICIBANK,2023-08-04T12:15:00+05:30,973.6,974.75,973.5,974.1,345320
ICICIBANK,2023-08-04T12:20:00+05:30,974.15,974.5,973.35,974.05,159811
ICICIBANK,2023-08-04T12:25:00+05:30,973.9,974.5,972.05,973.2,103832
ICICIBANK,2023-08-04T12:30:00+05:30,973.0,973.05,970.0,970.35,66635
ICICIBANK,2023-08-04T12:35:00+05:30,970.35,970.65,969.1,969.6,229437
ICICIBANK,2023-08-04T12:40:00+05:30,969.55,973.3,969.25,972.95,313496
ICICIBANK,2023-08-04T12:45:00+05:30,972.95,973.65,970.8,972.6,260171
ICICIBANK,2023-08-04T12:50:00+05:30,972.6,972.9,972.05,972.75,255830
ICICIBANK,2023-08-04T12:55:00+05:30,972.5,973.15,968.5,968.95,382057
ICICIBANK,2023-08-04T13:00:00+05:30,968.95,969.9,968.4,969.1,322825
ICICIBANK,2023-08-04T13:05:00+05:30,969.05,969.45,968.15,968.2,81939
ICICIBANK,2023-08-04T13:10:00+05:30,968.35,968.55,967.0,967.7,305801
ICICIBANK,2023-08-04T13:15:00+05:30,967.75,967.9,967.05,967.4,164555
ICICIBANK,2023-08-04T13:20:00+05:30,967.45,968.45,966.85,966.95,112437
ICICIBANK,2023-08-04T13:25:00+05:30,967.0,968.05,966.65,967.3,111466
ICICIBANK,2023-08-04T13:30:00+05:30,967.25,967.4,965.0,965.05,160100
ICICIBANK,2023-08-04T13:35:00+05:30,965.0,967.1,963.6,966.85,226458
ICICIBANK,2023-08-04T13:40:00+05:30,966.8,968.1,966.05,967.85,121394
ICICIBANK,2023-08-04T13:45:00+05:30,967.8,968.85,967.45,968.85,178579
ICICIBANK,2023-08-04T13:50:00+05:30,968.5,970.05,967.9,968.45,252480
ICICIBANK,2023-08-04T13:55:00+05:30,968.7,969.75,968.15,968.25,93405
ICICIBANK,2023-08-04T14:00:00+05:30,968.1,968.5,966.85,967.0,157831
ICICIBANK,2023-08-04T14:05:00+05:30,967.1,968.0,966.15,968.0,398336
ICICIBANK,2023-08-04T14:10:00+05:30,968.05,968.95,967.2,967.6,394390
ICICIBANK,2023-08-04T14:15:00+05:30,967.6,968.65,965.5,967.05,579553
ICICIBANK,2023-08-04T14:20:00+05:30,967.05,967.65,965.85,966.8,254929
ICICIBANK,2023-08-04T14:25:00+05:30,966.8,967.0,965.55,966.05,104267
ICICIBANK,2023-08-04T14:30:00+05:30,966.05,966.35,964.85,965.15,386073
ICICIBANK,2023-08-04T14:35:00+05:30,965.15,969.5,965.0,969.5,730083
ICICIBANK,2023-08-04T14:40:00+05:30,969.5,971.0,969.4,970.25,538727
ICICIBANK,2023-08-04T14:45:00+05:30,970.6,972.35,970.3,971.9,485673
ICICIBANK,2023-08-04T14:50:00+05:30,971.95,973.4,970.6,972.0,449763
ICICIBANK,2023-08-04T14:55:00+05:30,971.7,972.45,970.0,970.9,427710
ICICIBANK,2023-08-04T15:00:00+05:30,971.0,971.5,968.35,969.5,429213
ICICIBANK,2023-08-04T15:05:00+05:30,969.5,970.75,969.2,969.3,530053
ICICIBANK,2023-08-04T15:10:00+05:30,969.5,971.25,968.95,970.95,370530
ICICIBANK,2023-08-04T15:15:00+05:30,970.95,972.0,970.35,970.8,316421
ICICIBANK,2023-08-04T15:20:00+05:30,970.75,971.85,970.7,971.55,211458
ICICIBANK,2023-08-04T15:25:00+05:30,971.55,971.6,970.35,970.85,182105
HINDALCO,2023-08-01T09:15:00+05:30,465.0,468.8,464.1,468.8,715332
HINDALCO,2023-08-01T09:20:00+05:30,468.8,470.0,467.75,469.55,418562
HINDALCO,2023-08-01T09:25:00+05:30,469.7,471.5,468.75,469.0,465288
HINDALCO,2023-08-01T09:30:00+05:30,468.85,470.0,468.85,468.85,147611
HINDALCO,2023-08-01T09:35:00+05:30,468.65,468.75,466.3,468.55,392613
HINDALCO,2023-08-01T09:40:00+05:30,468.25,468.6,467.3,467.9,108790
HINDALCO,2023-08-01T09:45:00+05:30,468.05,468.5,466.5,466.85,127271
HINDALCO,2023-08-01T09:50:00+05:30,466.85,467.4,466.55,467.25,74367
HINDALCO,2023-08-01T09:55:00+05:30,467.35,467.6,466.9,466.95,64536
HINDALCO,2023-08-01T10:00:00+05:30,467.05,467.35,466.05,466.4,86823
HINDALCO,2023-08-01T10:05:00+05:30,466.55,466.9,465.8,465.8,88954
HINDALCO,2023-08-01T10:10:00+05:30,465.8,466.0,465.35,465.8,50856
HINDALCO,2023-08-01T10:15:00+05:30,465.9,466.6,465.8,466.25,76663
HINDALCO,2023-08-01T10:20:00+05:30,466.5,467.5,466.3,466.9,56471
HINDALCO,2023-08-01T10:25:00+05:30,467.0,467.0,465.35,465.6,38714
HINDALCO,2023-08-01T10:30:00+05:30,465.65,465.85,463.75,464.6,118437
HINDALCO,2023-08-01T10:35:00+05:30,464.55,464.55,463.65,463.8,73120
HINDALCO,2023-08-01T10:40:00+05:30,463.8,464.65,463.7,464.5,51485
HINDALCO,2023-08-01T10:45:00+05:30,464.6,464.8,463.0,464.05,79362
HINDALCO,2023-08-01T10:50:00+05:30,464.2,465.3,463.6,464.85,50131
HINDALCO,2023-08-01T10:55:00+05:30,464.9,465.1,464.3,464.4,42005
HINDALCO,2023-08-01T11:00:00+05:30,464.5,464.7,464.05,464.3,32541
HINDALCO,2023-08-01T11:05:00+05:30,464.35,464.5,463.65,464.1,54760
HINDALCO,2023-08-01T11:10:00+05:30,464.1,465.25,464.1,465.2,44546
HINDALCO,2023-08-01T11:15:00+05:30,465.25,466.4,465.05,466.4,51111
HINDALCO,2023-08-01T11:20:00+05:30,466.1,466.3,465.75,466.2,46788
HINDALCO,2023-08-01T11:25:00+05:30,466.3,466.3,465.9,466.1,20997
HINDALCO,2023-08-01T11:30:00+05:30,466.1,466.1,465.5,465.6,20865
HINDALCO,2023-08-01T11:35:00+05:30,465.35,465.5,464.7,464.9,30078
HINDALCO,2023-08-01T11:40:00+05:30,464.95,465.7,464.5,465.2,19431
HINDALCO,2023-08-01T11:45:00+05:30,465.35,465.35,464.75,464.85,17382
HINDALCO,2023-08-01T11:50:00+05:30,464.8,464.8,463.85,463.95,76571
HINDALCO,2023-08-01T11:55:00+05:30,464.0,464.0,463.3,463.85,49737
HINDALCO,2023-08-01T12:00:00+05:30,463.85,464.0,463.6,464.0,15875
HINDALCO,2023-08-01T12:05:00+05:30,463.95,464.05,463.0,463.35,53158
HINDALCO,2023-08-01T12:10:00+05:30,463.25,463.65,463.1,463.45,56214
HINDALCO,2023-08-01T12:15:00+05:30,463.4,463.6,462.3,463.2,69326
HINDALCO,2023-08-01T12:20:00+05:30,463.0,463.15,462.5,462.6,35026
HINDALCO,2023-08-01T12:25:00+05:30,462.6,462.8,462.1,462.35,66038
HINDALCO,2023-08-01T12:30:00+05:30,462.3,462.8,462.3,462.75,115849
HINDALCO,2023-08-01T12:35:00+05:30,462.65,462.85,462.25,462.55,70093
HINDALCO,2023-08-01T12:40:00+05:30,462.55,463.5,462.25,463.5,203033
HINDALCO,2023-08-01T12:45:00+05:30,463.45,464.7,463.45,464.35,68266
HINDALCO,2023-08-01T12:50:00+05:30,464.5,464.5,463.4,464.2,172981
HINDALCO,2023-08-01T12:55:00+05:30,464.15,464.75,463.95,464.0,106742
HINDALCO,2023-08-01T13:00:00+05:30,464.0,464.0,463.4,464.0,73007
HINDALCO,2023-08-01T13:05:00+05:30,463.95,465.25,463.95,465.2,44153
HINDALCO,2023-08-01T13:10:00+05:30,465.05,466.0,464.65,465.95,72481
HINDALCO,2023-08-01T13:15:00+05:30,465.9,465.9,465.15,465.15,31104
HINDALCO,2023-08-01T13:20:00+05:30,465.15,465.7,464.9,465.65,37093
HINDALCO,2023-08-01T13:25:00+05:30,465.6,465.95,465.55,465.8,15426
HINDALCO,2023-08-01T13:30:00+05:30,465.8,465.9,465.4,465.45,22907
HINDALCO,2023-08-01T13:35:00+05:30,465.45,465.85,465.35,465.75,21502
HINDALCO,2023-08-01T13:40:00+05:30,465.8,465.9,465.2,465.4,25350
HINDALCO,2023-08-01T13:45:00+05:30,465.4,466.2,465.25,466.0,42810
HINDALCO,2023-08-01T13:50:00+05:30,465.95,466.1,465.1,465.75,23591
HINDALCO,2023-08-01T13:55:00+05:30,465.55,465.55,464.75,464.8,40558
HINDALCO,2023-08-01T14:00:00+05:30,464.75,465.5,464.6,465.5,40067
HINDALCO,2023-08-01T14:05:00+05:30,465.45,466.0,465.4,465.95,24376
HINDALCO,2023-08-01T14:10:00+05:30,465.95,466.45,465.9,466.2,36670
HINDALCO,2023-08-01T14:15:00+05:30,466.2,466.4,466.1,466.25,15676
HINDALCO,2023-08-01T14:20:00+05:30,466.1,466.4,466.1,466.4,18155
HINDALCO,2023-08-01T14:25:00+05:30,466.35,466.95,466.3,466.8,34277
HINDALCO,2023-08-01T14:30:00+05:30,466.75,466.75,465.9,466.0,18263
HINDALCO,2023-08-01T14:35:00+05:30,465.95,466.05,465.2,465.5,20011
HINDALCO,2023-08-01T14:40:00+05:30,465.55,465.55,465.15,465.25,9112
HINDALCO,2023-08-01T14:45:00+05:30,465.2,465.4,464.95,465.0,23113
HINDALCO,2023-08-01T14:50:00+05:30,465.0,465.15,464.2,464.2,29987
HINDALCO,2023-08-01T14:55:00+05:30,464.2,464.75,464.15,464.7,25585
HINDALCO,2023-08-01T15:00:00+05:30,464.7,465.3,463.85,464.3,93338
HINDALCO,2023-08-01T15:05:00+05:30,464.3,465.1,464.0,464.75,55909
HINDALCO,2023-08-01T15:10:00+05:30,464.8,464.95,464.5,464.75,84083
HINDALCO,2023-08-01T15:15:00+05:30,464.9,464.9,463.9,463.9,141776
HINDALCO,2023-08-01T15:20:00+05:30,464.0,464.0,463.1,463.1,177274
HINDALCO,2023-08-01T15:25:00+05:30,463.1,463.95,463.05,463.9,98559
HINDALCO,2023-08-02T09:15:00+05:30,460.0,460.0,456.05,456.85,279693
HINDALCO,2023-08-02T09:20:00+05:30,456.9,457.85,456.0,457.15,212021
HINDALCO,2023-08-02T09:25:00+05:30,457.15,457.35,455.8,456.75,186490
HINDALCO,2023-08-02T09:30:00+05:30,456.7,458.0,456.15,457.85,107130
HINDALCO,2023-08-02T09:35:00+05:30,457.8,457.8,456.65,457.5,67244
HINDALCO,2023-08-02T09:40:00+05:30,457.55,457.75,456.75,457.2,42879
HINDALCO,2023-08-02T09:45:00+05:30,457.2,458.45,457.2,458.4,93507
HINDALCO,2023-08-02T09:50:00+05:30,458.4,458.6,458.05,458.6,45685
HINDALCO,2023-08-02T09:55:00+05:30,458.35,459.4,458.05,458.7,93661
HINDALCO,2023-08-02T10:00:00+05:30,458.6,458.75,457.8,458.45,45503
HINDALCO,2023-08-02T10:05:00+05:30,458.25,458.35,457.5,457.55,25719
HINDALCO,2023-08-02T10:10:00+05:30,457.85,458.5,457.6,458.0,23832
HINDALCO,2023-08-02T10:15:00+05:30,457.95,458.5,457.75,458.5,44435
HINDALCO,2023-08-02T10:20:00+05:30,458.35,461.2,458.3,460.65,182616
HINDALCO,2023-08-02T10:25:00+05:30,460.7,460.7,459.5,459.95,61192
HINDALCO,2023-08-02T10:30:00+05:30,460.0,460.1,458.75,459.8,73499
HINDALCO,2023-08-02T10:35:00+05:30,459.85,460.15,459.0,459.4,44095
HINDALCO,2023-08-02T10:40:00+05:30,459.5,460.15,459.15,459.7,43245
HINDALCO,2023-08-02T10:45:00+05:30,459.7,460.15,459.05,459.8,58334
HINDALCO,2023-08-02T10:50:00+05:30,459.65,459.95,459.45,459.6,37272
HINDALCO,2023-08-02T10:55:00+05:30,459.6,459.6,458.55,459.5,50748
HINDALCO,2023-08-02T11:00:00+05:30,459.5,459.7,458.2,458.45,47185
HINDALCO,2023-08-02T11:05:00+05:30,458.3,458.75,457.3,457.8,126744
HINDALCO,2023-08-02T11:10:00+05:30,457.65,457.9,456.8,457.15,108150
HINDALCO,2023-08-02T11:15:00+05:30,457.15,457.15,456.5,456.8,70064
HINDALCO,2023-08-02T11:20:00+05:30,456.8,457.65,456.65,457.55,46025
HINDALCO,2023-08-02T11:25:00+05:30,457.7,458.05,457.45,457.7,30709
HINDALCO,2023-08-02T11:30:00+05:30,457.8,457.8,456.7,456.9,32957
HINDALCO,2023-08-02T11:35:00+05:30,457.0,457.05,455.65,456.05,127696
HINDALCO,2023-08-02T11:40:00+05:30,456.1,457.15,456.0,457.15,48424
HINDALCO,2023-08-02T11:45:00+05:30,457.1,457.1,456.5,456.7,24161
HINDALCO,2023-08-02T11:50:00+05:30,456.8,456.8,456.25,456.4,33936
HINDALCO,2023-08-02T11:55:00+05:30,456.4,456.75,456.15,456.6,16434
HINDALCO,2023-08-02T12:00:00+05:30,456.75,456.75,455.75,456.5,31967
HINDALCO,2023-08-02T12:05:00+05:30,456.5,456.75,456.25,456.6,22304
HINDALCO,2023-08-02T12:10:00+05:30,456.6,456.75,456.3,456.45,17597
HINDALCO,2023-08-02T12:15:00+05:30,456.5,456.95,456.0,456.15,47677
HINDALCO,2023-08-02T12:20:00+05:30,456.25,456.7,456.25,456.65,21313
HINDALCO,2023-08-02T12:25:00+05:30,456.7,456.95,456.55,456.9,13222
HINDALCO,2023-08-02T12:30:00+05:30,456.8,456.9,456.0,456.15,34365
HINDALCO,2023-08-02T12:35:00+05:30,456.4,457.4,456.25,457.3,27419
HINDALCO,2023-08-02T12:40:00+05:30,457.3,457.75,457.05,457.55,25641
HINDALCO,2023-08-02T12:45:00+05:30,457.55,457.8,457.35,457.8,16359
HINDALCO,2023-08-02T12:50:00+05:30,457.8,457.8,456.15,456.2,30500
HINDALCO,2023-08-02T12:55:00+05:30,456.25,456.4,455.85,456.05,85930
HINDALCO,2023-08-02T13:00:00+05:30,456.1,456.5,456.0,456.1,45964
HINDALCO,2023-08-02T13:05:00+05:30,456.15,457.0,455.95,456.8,76338
HINDALCO,2023-08-02T13:10:00+05:30,456.85,457.25,456.45,456.55,24747
HINDALCO,2023-08-02T13:15:00+05:30,456.4,456.7,455.85,456.45,63179
HINDALCO,2023-08-02T13:20:00+05:30,456.4,456.5,454.25,454.9,279233
HINDALCO,2023-08-02T13:25:00+05:30,454.95,455.65,454.45,454.85,66252
HINDALCO,2023-08-02T13:30:00+05:30,454.9,455.2,454.2,454.45,43521
HINDALCO,2023-08-02T13:35:00+05:30,454.1,454.35,453.65,454.0,201511
HINDALCO,2023-08-02T13:40:00+05:30,454.0,454.05,453.1,453.85,263113
HINDALCO,2023-08-02T13:45:00+05:30,453.85,453.9,450.5,451.95,402699
HINDALCO,2023-08-02T13:50:00+05:30,452.1,453.65,451.85,453.65,92578
HINDALCO,2023-08-02T13:55:00+05:30,453.55,453.9,452.6,453.1,38899
HINDALCO,2023-08-02T14:00:00+05:30,453.05,453.15,452.15,452.3,29738
HINDALCO,2023-08-02T14:05:00+05:30,452.35,452.55,451.75,451.8,49831
HINDALCO,2023-08-02T14:10:00+05:30,451.8,451.95,450.3,450.95,110709
HINDALCO,2023-08-02T14:15:00+05:30,450.9,450.95,450.2,450.4,71534
HINDALCO,2023-08-02T14:20:00+05:30,450.5,451.0,450.3,451.0,39188
HINDALCO,2023-08-02T14:25:00+05:30,451.0,451.6,451.0,451.6,33868
HINDALCO,2023-08-02T14:30:00+05:30,451.6,452.2,450.3,450.5,72183
HINDALCO,2023-08-02T14:35:00+05:30,450.45,451.75,450.0,451.5,202954
HINDALCO,2023-08-02T14:40:00+05:30,451.5,451.95,451.0,451.7,68848
HINDALCO,2023-08-02T14:45:00+05:30,451.65,452.2,451.6,452.15,27503
HINDALCO,2023-08-02T14:50:00+05:30,452.1,452.25,451.9,452.2,26431
HINDALCO,2023-08-02T14:55:00+05:30,452.2,453.0,452.2,452.95,41316
HINDALCO,2023-08-02T15:00:00+05:30,453.15,454.85,453.15,454.6,95049
HINDALCO,2023-08-02T15:05:00+05:30,454.7,454.75,453.95,454.05,87442
HINDALCO,2023-08-02T15:10:00+05:30,454.2,455.1,454.2,455.1,86031
HINDALCO,2023-08-02T15:15:00+05:30,455.05,455.45,454.7,455.45,118755
HINDALCO,2023-08-02T15:20:00+05:30,455.45,455.6,453.55,453.55,176242
HINDALCO,2023-08-02T15:25:00+05:30,453.75,453.9,452.0,453.15,115905
HINDALCO,2023-08-03T09:15:00+05:30,450.0,451.3,448.3,450.35,173388
HINDALCO,2023-08-03T09:20:00+05:30,450.35,451.75,450.25,451.15,88680
HINDALCO,2023-08-03T09:25:00+05:30,451.4,451.6,448.65,449.35,143501
HINDALCO,2023-08-03T09:30:00+05:30,449.3,449.7,446.05,446.95,194862
HINDALCO,2023-08-03T09:35:00+05:30,446.95,447.55,445.7,447.0,243014
HINDALCO,2023-08-03T09:40:00+05:30,446.75,448.75,446.5,448.55,67386
HINDALCO,2023-08-03T09:45:00+05:30,448.6,449.45,447.55,448.7,63066
HINDALCO,2023-08-03T09:50:00+05:30,448.3,448.95,447.75,448.75,56532
HINDALCO,2023-08-03T09:55:00+05:30,448.65,448.95,447.0,447.35,101179
HINDALCO,2023-08-03T10:00:00+05:30,447.3,448.4,446.45,448.25,49842
HINDALCO,2023-08-03T10:05:00+05:30,448.3,449.45,448.05,448.8,60305
HINDALCO,2023-08-03T10:10:00+05:30,448.7,450.25,448.7,450.15,72792
HINDALCO,2023-08-03T10:15:00+05:30,450.2,450.5,448.5,449.6,80375
HINDALCO,2023-08-03T10:20:00+05:30,449.4,449.65,448.95,449.15,20573
HINDALCO,2023-08-03T10:25:00+05:30,449.15,449.15,448.25,448.8,40502
HINDALCO,2023-08-03T10:30:00+05:30,448.6,450.0,448.6,449.3,41213
HINDALCO,2023-08-03T10:35:00+05:30,449.55,449.9,448.8,449.65,35549
HINDALCO,2023-08-03T10:40:00+05:30,449.65,451.0,449.6,450.3,62505
HINDALCO,2023-08-03T10:45:00+05:30,450.3,450.45,449.6,449.7,23063
HINDALCO,2023-08-03T10:50:00+05:30,449.65,450.9,449.65,450.85,34765
HINDALCO,2023-08-03T10:55:00+05:30,450.8,451.95,450.8,451.55,51089
HINDALCO,2023-08-03T11:00:00+05:30,451.6,452.8,451.55,452.8,71346
HINDALCO,2023-08-03T11:05:00+05:30,452.7,453.3,452.4,453.25,75813
HINDALCO,2023-08-03T11:10:00+05:30,453.25,453.45,452.4,452.8,36778
HINDALCO,2023-08-03T11:15:00+05:30,452.6,452.75,451.8,452.3,29680
HINDALCO,2023-08-03T11:20:00+05:30,452.4,452.55,451.8,452.0,19501
HINDALCO,2023-08-03T11:25:00+05:30,452.1,452.1,450.0,450.3,48732
HINDALCO,2023-08-03T11:30:00+05:30,450.3,450.8,449.7,450.05,40498
HINDALCO,2023-08-03T11:35:00+05:30,449.95,450.45,449.65,450.4,20741
HINDALCO,2023-08-03T11:40:00+05:30,450.4,450.65,449.9,450.25,18173
HINDALCO,2023-08-03T11:45:00+05:30,450.2,450.2,449.05,449.45,31000
HINDALCO,2023-08-03T11:50:00+05:30,449.45,449.9,448.5,449.9,27450
HINDALCO,2023-08-03T11:55:00+05:30,449.7,449.7,449.0,449.0,24136
HINDALCO,2023-08-03T12:00:00+05:30,449.05,449.5,448.55,448.65,21452
HINDALCO,2023-08-03T12:05:00+05:30,448.65,448.85,448.35,448.6,21404
HINDALCO,2023-08-03T12:10:00+05:30,448.55,448.8,448.05,448.15,22653
HINDALCO,2023-08-03T12:15:00+05:30,448.1,448.9,448.0,448.75,27006
HINDALCO,2023-08-03T12:20:00+05:30,448.75,448.75,447.65,447.85,32746
HINDALCO,2023-08-03T12:25:00+05:30,447.8,448.0,447.2,447.7,30164
HINDALCO,2023-08-03T12:30:00+05:30,447.75,448.45,447.7,448.05,25162
HINDALCO,2023-08-03T12:35:00+05:30,448.0,448.3,447.65,447.7,31474
HINDALCO,2023-08-03T12:40:00+05:30,447.55,448.5,447.5,447.65,27886
HINDALCO,2023-08-03T12:45:00+05:30,447.65,447.9,447.35,447.7,17710
HINDALCO,2023-08-03T12:50:00+05:30,447.8,448.3,446.8,447.1,37490
HINDALCO,2023-08-03T12:55:00+05:30,447.2,447.25,446.05,446.8,30157
HINDALCO,2023-08-03T13:00:00+05:30,446.9,446.9,446.1,446.2,21765
HINDALCO,2023-08-03T13:05:00+05:30,446.2,446.4,445.15,445.3,91630
HINDALCO,2023-08-03T13:10:00+05:30,445.25,446.35,445.2,446.35,25066
HINDALCO,2023-08-03T13:15:00+05:30,446.35,447.1,445.65,445.65,20287
HINDALCO,2023-08-03T13:20:00+05:30,445.75,446.25,445.7,446.0,14621
HINDALCO,2023-08-03T13:25:00+05:30,446.0,446.85,445.6,445.75,19134
HINDALCO,2023-08-03T13:30:00+05:30,445.65,446.65,445.65,446.5,30823
HINDALCO,2023-08-03T13:35:00+05:30,446.5,448.0,446.45,447.7,38287
HINDALCO,2023-08-03T13:40:00+05:30,447.75,448.0,447.1,447.2,15759
HINDALCO,2023-08-03T13:45:00+05:30,447.25,447.6,446.9,447.3,21795
HINDALCO,2023-08-03T13:50:00+05:30,447.4,448.5,447.15,448.15,36583
HINDALCO,2023-08-03T13:55:00+05:30,448.1,448.4,447.45,447.65,23736
HINDALCO,2023-08-03T14:00:00+05:30,447.65,448.8,447.55,448.4,33415
HINDALCO,2023-08-03T14:05:00+05:30,448.35,448.5,447.2,447.7,31331
HINDALCO,2023-08-03T14:10:00+05:30,447.65,449.0,447.65,448.9,53934
HINDALCO,2023-08-03T14:15:00+05:30,448.85,449.45,448.35,448.9,76108
HINDALCO,2023-08-03T14:20:00+05:30,449.0,449.85,448.65,448.85,34625
HINDALCO,2023-08-03T14:25:00+05:30,448.95,449.55,448.65,449.3,30002
HINDALCO,2023-08-03T14:30:00+05:30,449.4,449.5,448.15,448.75,28526
HINDALCO,2023-08-03T14:35:00+05:30,449.0,449.3,448.65,449.15,23180
HINDALCO,2023-08-03T14:40:00+05:30,449.15,449.5,448.1,448.15,47523
HINDALCO,2023-08-03T14:45:00+05:30,448.2,448.9,447.5,447.6,27498
HINDALCO,2023-08-03T14:50:00+05:30,447.6,447.95,447.25,447.7,33564
HINDALCO,2023-08-03T14:55:00+05:30,447.8,449.35,447.8,449.05,32983
HINDALCO,2023-08-03T15:00:00+05:30,449.3,450.9,448.8,450.85,97643
HINDALCO,2023-08-03T15:05:00+05:30,450.85,451.1,450.2,450.85,79797
HINDALCO,2023-08-03T15:10:00+05:30,450.9,453.2,450.45,453.2,144470
HINDALCO,2023-08-03T15:15:00+05:30,453.1,456.3,453.1,456.15,169113
HINDALCO,2023-08-03T15:20:00+05:30,455.95,456.7,454.95,455.15,167959
HINDALCO,2023-08-03T15:25:00+05:30,455.15,458.5,455.0,457.2,68277
HINDALCO,2023-08-04T09:15:00+05:30,464.0,466.0,461.5,463.0,685399
HINDALCO,2023-08-04T09:20:00+05:30,463.05,465.15,461.1,462.35,721600
HINDALCO,2023-08-04T09:25:00+05:30,462.3,465.2,461.45,465.1,445044
HINDALCO,2023-08-04T09:30:00+05:30,465.2,465.3,463.4,464.75,220977
HINDALCO,2023-08-04T09:35:00+05:30,464.7,465.0,462.15,462.45,214172
HINDALCO,2023-08-04T09:40:00+05:30,462.3,463.8,461.5,462.35,164689
HINDALCO,2023-08-04T09:45:00+05:30,462.35,463.4,461.85,461.95,79158
HINDALCO,2023-08-04T09:50:00+05:30,461.5,461.5,460.25,460.25,200426
HINDALCO,2023-08-04T09:55:00+05:30,459.75,460.9,459.35,459.5,206501
HINDALCO,2023-08-04T10:00:00+05:30,459.5,459.75,458.0,459.5,310609
HINDALCO,2023-08-04T10:05:00+05:30,459.5,459.6,458.65,459.0,89883
HINDALCO,2023-08-04T10:10:00+05:30,458.95,459.5,457.3,457.65,227636
HINDALCO,2023-08-04T10:15:00+05:30,457.8,458.45,457.3,457.9,59754
HINDALCO,2023-08-04T10:20:00+05:30,457.6,458.6,456.6,457.0,319044
HINDALCO,2023-08-04T10:25:00+05:30,456.95,458.4,455.9,458.15,231636
HINDALCO,2023-08-04T10:30:00+05:30,457.95,457.95,456.3,456.5,114329
HINDALCO,2023-08-04T10:35:00+05:30,456.4,456.65,455.7,455.8,145055
HINDALCO,2023-08-04T10:40:00+05:30,455.9,457.15,455.45,456.45,175589
HINDALCO,2023-08-04T10:45:00+05:30,456.5,456.6,455.75,455.95,85014
HINDALCO,2023-08-04T10:50:00+05:30,456.0,456.45,455.8,455.9,104232
HINDALCO,2023-08-04T10:55:00+05:30,456.0,457.25,455.85,456.5,150484
HINDALCO,2023-08-04T11:00:00+05:30,456.5,456.75,455.8,456.0,34349
HINDALCO,2023-08-04T11:05:00+05:30,455.8,455.95,454.7,454.9,99743
HINDALCO,2023-08-04T11:10:00+05:30,454.9,455.3,453.9,454.95,81374
HINDALCO,2023-08-04T11:15:00+05:30,454.8,455.75,454.75,455.6,32531
HINDALCO,2023-08-04T11:20:00+05:30,455.75,456.5,455.55,456.35,68714
HINDALCO,2023-08-04T11:25:00+05:30,456.35,456.95,455.6,456.5,72757
HINDALCO,2023-08-04T11:30:00+05:30,456.35,456.5,454.8,455.95,191236
HINDALCO,2023-08-04T11:35:00+05:30,455.9,456.1,455.1,455.95,48704
HINDALCO,2023-08-04T11:40:00+05:30,455.9,457.8,455.9,457.8,91055
HINDALCO,2023-08-04T11:45:00+05:30,457.8,459.3,457.75,458.75,106852
HINDALCO,2023-08-04T11:50:00+05:30,458.7,459.65,458.55,459.45,50355
HINDALCO,2023-08-04T11:55:00+05:30,459.4,461.0,459.3,460.95,85552
HINDALCO,2023-08-04T12:00:00+05:30,460.95,461.3,460.15,461.0,58015
HINDALCO,2023-08-04T12:05:00+05:30,461.15,461.45,460.85,461.1,48946
HINDALCO,2023-08-04T12:10:00+05:30,461.1,461.9,460.9,461.55,53197
HINDALCO,2023-08-04T12:15:00+05:30,461.9,462.5,460.8,461.95,84325
HINDALCO,2023-08-04T12:20:00+05:30,461.95,461.95,461.05,461.15,47565
HINDALCO,2023-08-04T12:25:00+05:30,461.15,461.9,460.55,461.75,44558
HINDALCO,2023-08-04T12:30:00+05:30,461.7,461.8,460.95,460.95,20453
HINDALCO,2023-08-04T12:35:00+05:30,460.95,461.1,460.2,460.8,19286
HINDALCO,2023-08-04T12:40:00+05:30,460.8,460.8,460.0,460.25,22657
HINDALCO,2023-08-04T12:45:00+05:30,460.2,461.0,460.0,460.9,20257
HINDALCO,2023-08-04T12:50:00+05:30,460.7,460.85,459.35,459.7,41408
HINDALCO,2023-08-04T12:55:00+05:30,459.7,459.7,459.0,459.65,62566
HINDALCO,2023-08-04T13:00:00+05:30,459.6,459.8,459.4,459.4,17795
HINDALCO,2023-08-04T13:05:00+05:30,459.5,459.55,459.0,459.45,31491
HINDALCO,2023-08-04T13:10:00+05:30,459.5,459.75,459.1,459.5,39497
HINDALCO,2023-08-04T13:15:00+05:30,459.5,459.8,459.0,459.65,22482
HINDALCO,2023-08-04T13:20:00+05:30,459.7,459.7,458.6,458.85,24113
HINDALCO,2023-08-04T13:25:00+05:30,458.85,459.45,458.65,459.45,25568
HINDALCO,2023-08-04T13:30:00+05:30,459.5,459.7,458.1,458.55,54460
HINDALCO,2023-08-04T13:35:00+05:30,458.55,459.55,457.85,459.25,47270
HINDALCO,2023-08-04T13:40:00+05:30,459.35,459.65,458.85,459.2,14047
HINDALCO,2023-08-04T13:45:00+05:30,459.35,460.0,459.05,459.7,33133
HINDALCO,2023-08-04T13:50:00+05:30,459.7,459.95,459.0,459.0,23205
HINDALCO,2023-08-04T13:55:00+05:30,459.1,459.6,458.3,458.5,18815
HINDALCO,2023-08-04T14:00:00+05:30,458.45,458.5,457.35,458.35,29596
HINDALCO,2023-08-04T14:05:00+05:30,458.2,458.55,457.7,457.7,28851
HINDALCO,2023-08-04T14:10:00+05:30,457.75,458.5,457.55,458.5,21798
HINDALCO,2023-08-04T14:15:00+05:30,458.5,459.1,458.4,459.05,26021
HINDALCO,2023-08-04T14:20:00+05:30,459.05,459.65,459.0,459.25,17064
HINDALCO,2023-08-04T14:25:00+05:30,459.2,459.65,458.55,459.5,23488
HINDALCO,2023-08-04T14:30:00+05:30,459.55,459.6,458.7,458.95,14934
HINDALCO,2023-08-04T14:35:00+05:30,458.95,459.0,458.5,458.85,10135
HINDALCO,2023-08-04T14:40:00+05:30,458.85,459.5,458.6,458.75,18326
HINDALCO,2023-08-04T14:45:00+05:30,458.75,459.0,458.0,458.2,35596
HINDALCO,2023-08-04T14:50:00+05:30,458.25,458.35,457.4,457.85,26857
HINDALCO,2023-08-04T14:55:00+05:30,457.85,457.85,456.5,457.45,66390
HINDALCO,2023-08-04T15:00:00+05:30,457.45,458.4,456.15,456.35,53915
HINDALCO,2023-08-04T15:05:00+05:30,456.5,457.85,456.4,457.5,52747
HINDALCO,2023-08-04T15:10:00+05:30,457.7,457.7,456.4,457.15,74906
HINDALCO,2023-08-04T15:15:00+05:30,457.05,457.2,456.5,456.8,74655
HINDALCO,2023-08-04T15:20:00+05:30,456.75,457.55,456.4,457.0,88656
HINDALCO,2023-08-04T15:25:00+05:30,456.95,457.5,456.2,457.1,57150
