Timestamp,Symbol,Open,High,Low,Close,Volume,atr,sma,top2,top1,bott1,bott2
2023-08-01 09:15:00,SBIN,620.2,620.8,618.85,619.75,323488,1.9499999999999318,,,,,
2023-08-01 09:20:00,SBIN,619.6,619.9,618.9,619.3,186768,1.7599999999999454,,,,,
2023-08-01 09:25:00,SBIN,619.4,619.45,619.0,619.25,158188,1.4979999999999656,,,,,
2023-08-01 09:30:00,SBIN,619.2,620.2,619.0,619.8,152087,1.4383999999999817,,,,,
2023-08-01 09:35:00,SBIN,619.6,619.75,618.65,618.75,134693,1.37071999999999,,,,,
2023-08-01 09:40:00,SBIN,618.65,618.75,617.75,618.5,171488,1.296575999999992,,,,,
2023-08-01 09:45:00,SBIN,618.45,619.0,618.4,618.7,100436,1.1572607999999982,,,,,
2023-08-01 09:50:00,SBIN,618.75,618.95,618.5,618.55,96515,1.0158086400000077,,,,,
2023-08-01 09:55:00,SBIN,618.55,618.9,618.15,618.9,111071,0.9626469120000062,,,,,
2023-08-01 10:00:00,SBIN,618.95,619.25,618.45,618.65,134882,0.9301175295999959,,,,,
2023-08-01 10:05:00,SBIN,618.9,620.2,618.65,619.7,174010,1.0540940236800105,,,,,
2023-08-01 10:10:00,SBIN,619.75,619.8,619.2,619.65,99933,0.9632752189439903,,,,,
2023-08-01 10:15:00,SBIN,619.5,619.75,619.35,619.6,71876,0.8506201751551876,,,,,
2023-08-01 10:20:00,SBIN,619.6,619.6,618.8,619.05,97074,0.8404961401241638,,,,,
2023-08-01 10:25:00,SBIN,618.9,619.2,618.25,619.05,129818,0.8623969120993402,,,,,
2023-08-01 10:30:00,SBIN,619.0,619.0,618.0,618.4,162415,0.8899175296794721,,,,,
2023-08-01 10:35:00,SBIN,618.25,618.45,617.05,617.25,197458,0.9919340237435958,,,,,
2023-08-01 10:40:00,SBIN,617.3,617.5,617.1,617.45,117193,0.8735472189948721,,,,,
2023-08-01 10:45:00,SBIN,617.45,617.45,616.6,616.9,256886,0.8688377751959023,,,,,
2023-08-01 10:50:00,SBIN,616.85,617.0,616.1,616.6,195187,0.8750702201567174,618.6899999999999,620.9809338363702,620.1058636162135,617.2741363837864,616.3990661636296
2023-08-01 10:55:00,SBIN,616.5,617.0,616.3,616.7,159962,0.8400561761253831,618.5375,620.7367670690962,619.8967108929709,617.1782891070292,616.3382329309038
2023-08-01 11:00:00,SBIN,616.8,616.85,616.05,616.2,99592,0.8320449409003202,618.3825,620.560793655277,619.7287487143768,617.0362512856233,616.204206344723
2023-08-01 11:05:00,SBIN,616.15,616.5,616.1,616.3,60556,0.7456359527202516,618.235,620.1870749242216,619.4414389715014,617.0285610284986,616.2829250757784
2023-08-01 11:10:00,SBIN,616.5,616.5,616.3,616.5,47678,0.6365087621762104,618.0699999999999,619.7363799393772,619.0998711772011,617.0401288227988,616.4036200606226
2023-08-01 11:15:00,SBIN,616.45,616.5,616.2,616.3,37568,0.5692070097409593,617.9475,619.4376839515019,618.8684769417608,617.0265230582391,616.4573160484981
2023-08-01 11:20:00,SBIN,616.35,616.4,615.5,615.75,156950,0.635365607792763,617.81,619.4733871612013,618.8380215534087,616.7819784465912,616.1466128387985
2023-08-01 11:25:00,SBIN,615.75,616.4,615.55,615.95,96320,0.678292486234215,617.6725,619.4482697289612,618.769977242727,616.575022757273,615.8967302710388
2023-08-01 11:30:00,SBIN,615.95,616.0,615.5,615.8,57946,0.642633988987372,617.535,619.2174157831689,618.5747817941815,616.4952182058184,615.852584216831
2023-08-01 11:35:00,SBIN,615.55,615.95,615.55,615.75,52851,0.5941071911899158,617.3774999999999,618.9328726265352,618.3387654353452,616.4162345646547,615.8221273734647
2023-08-01 11:40:00,SBIN,615.7,615.8,615.15,615.25,73258,0.6052857529519282,617.2075,618.7921381012281,618.1868523482761,616.2281476517238,615.6228618987718
2023-08-01 11:45:00,SBIN,615.5,615.75,615.25,615.6,46307,0.5842286023615426,617.0024999999999,618.5320104809824,617.947781878621,616.0572181213789,615.4729895190175
2023-08-01 11:50:00,SBIN,615.65,615.65,615.2,615.5,38081,0.5573828818892205,616.795,618.254228384786,617.6968455028967,615.8931544971032,615.335771615214
2023-08-01 11:55:00,SBIN,615.55,615.75,615.5,615.7,28137,0.4959063055113764,616.6,617.8982827078288,617.4023764023175,615.7976235976826,615.3017172921712
2023-08-01 12:00:00,SBIN,615.75,615.8,615.05,615.1,82238,0.5467250444091012,616.4025,617.8338261662631,617.287101121854,615.5178988781461,614.971173833737
2023-08-01 12:05:00,SBIN,615.2,615.2,613.1,613.1,229346,0.8573800355272856,616.1049999999999,618.3496209330103,617.492240897483,614.7177591025168,613.8603790669895
2023-08-01 12:10:00,SBIN,613.0,613.5,612.5,613.4,417986,0.8859040284218285,615.855,618.1742967464083,617.2883927179865,614.4216072820135,613.5357032535917
2023-08-01 12:15:00,SBIN,613.2,613.5,612.15,613.05,307277,0.9787232227374674,615.645,618.2072973971267,617.2285741743892,614.0614258256107,613.0827026028733
2023-08-01 12:20:00,SBIN,612.9,613.4,612.35,612.45,110900,0.9929785781899649,615.3950000000001,617.9946179177015,617.0016393395115,613.7883606604887,612.7953820822987
2023-08-01 12:25:00,SBIN,612.55,612.6,610.65,611.0,519053,1.1843828625519812,615.1,618.2007143341611,617.0163314716091,613.183668528391,611.9992856658389
2023-08-01 12:30:00,SBIN,611.2,611.85,610.95,611.7,135269,1.1275062900415804,614.855,617.8068114673289,616.6793051772873,613.0306948227127,611.9031885326712
2023-08-01 12:35:00,SBIN,611.85,612.35,611.25,611.5,219951,1.122005032033269,614.595,617.5324091738631,616.4104041418299,612.7795958581702,611.6575908261369
2023-08-01 12:40:00,SBIN,611.55,611.8,611.1,611.4,74857,1.0376040256266017,614.3549999999999,617.0714473390904,616.0338433134638,612.676156686536,611.6385526609095
2023-08-01 12:45:00,SBIN,611.4,611.95,611.2,611.6,69353,0.9800832205012814,614.12,616.6858578712723,615.7057746507711,612.5342253492289,611.5541421287277
2023-08-01 12:50:00,SBIN,611.55,612.85,611.35,612.5,113140,1.084066576401025,613.92,616.7580862970178,615.6740197206168,612.1659802793831,611.0819137029821
2023-08-01 12:55:00,SBIN,612.4,612.7,612.05,612.15,120685,0.9972532611208383,613.7125,616.3233090376143,615.3260557764935,612.0989442235065,611.1016909623856
2023-08-01 13:00:00,SBIN,612.35,613.0,612.0,612.25,318184,0.9978026088966707,613.5375,616.1497472300915,615.1519446211948,611.9230553788052,610.9252527699085
2023-08-01 13:05:00,SBIN,612.35,613.0,611.85,611.9,366319,1.0282420871173321,613.335,616.0269377840732,614.9986956969559,611.6713043030442,610.6430622159269
2023-08-01 13:10:00,SBIN,611.9,612.95,611.6,612.9,95815,1.0925936696938703,613.19,616.0504102272586,614.9578165575647,611.4221834424354,610.3295897727415
2023-08-01 13:15:00,SBIN,612.9,613.0,612.5,612.9,145919,0.9740749357550963,613.0475,615.5976281818068,614.6235532460518,611.4714467539483,610.4973718181932
2023-08-01 13:20:00,SBIN,612.95,613.0,612.45,612.9,192959,0.889259948604068,612.9300000000001,615.2580825454455,614.3688225968415,611.4911774031586,610.6019174545546
2023-08-01 13:25:00,SBIN,612.9,613.0,612.3,613.0,125879,0.8514079588832636,612.8,615.0289860363563,614.1775780774731,611.4224219225268,610.5710139636436
2023-08-01 13:30:00,SBIN,612.95,613.9,612.85,613.75,156137,0.8911263671066019,612.7125,615.045468829085,614.1543424619784,611.2706575380215,610.3795311709149
2023-08-01 13:35:00,SBIN,613.8,614.3,613.3,614.2,229972,0.9129010936852815,612.6375,615.0274750632681,614.1145739695828,611.1604260304173,610.247524936732
2023-08-01 13:40:00,SBIN,614.3,614.35,612.65,612.7,213746,1.0703208749482345,612.5174999999999,615.3196000506144,614.2492791756662,610.7857208243337,609.7153999493854
2023-08-01 13:45:00,SBIN,612.75,613.6,612.7,613.3,132162,1.0362566999585832,612.5275,615.2404200404916,614.204163340533,610.8508366594671,609.8145799595085
2023-08-01 13:50:00,SBIN,613.2,614.15,613.15,613.4,482745,1.0290053599668665,612.5274999999999,615.2214360323932,614.1924306724263,610.8625693275735,609.8335639676067
2023-08-01 13:55:00,SBIN,613.1,613.45,612.3,612.5,154861,1.0532042879735113,612.5,615.2572888259147,614.2040845379412,610.7959154620588,609.7427111740853
2023-08-01 14:00:00,SBIN,612.6,612.75,611.25,611.8,221727,1.142563430378809,612.4675,615.4587310607317,614.3161676303529,610.6188323696471,609.4762689392683
2023-08-01 14:05:00,SBIN,611.55,612.25,611.25,611.85,200841,1.1140507443030472,612.51,615.4265848485853,614.3125341042823,610.7074658957176,609.5934151514147
2023-08-01 14:10:00,SBIN,611.85,612.0,611.25,611.4,97167,1.0412405954424377,612.495,615.2209678788684,614.1797272834259,610.8102727165741,609.7690321211317
2023-08-01 14:15:00,SBIN,611.35,611.7,610.9,611.35,328223,0.9929924763539639,612.4875,615.0871543030946,614.0941618267407,610.8808381732592,609.8878456969053
2023-08-01 14:20:00,SBIN,611.35,612.6,611.1,612.3,302976,1.0943939810831713,612.5325,615.3976234424757,614.3032294613926,610.7617705386075,609.6673765575243
2023-08-01 14:25:00,SBIN,612.3,613.0,611.5,612.95,183939,1.175515184866537,612.6,615.6774987539807,614.501983569114,610.698016430886,609.5225012460194
2023-08-01 14:30:00,SBIN,612.9,613.3,612.65,612.95,192573,1.0704121478932251,612.6225000000001,615.4248390031845,614.3544268552913,610.8905731447088,609.8201609968156
2023-08-01 14:35:00,SBIN,612.85,613.25,612.45,613.2,107256,1.0163297183145712,612.675,615.3357512025475,614.319421484233,611.0305785157669,610.0142487974524
2023-08-01 14:40:00,SBIN,613.2,613.35,612.4,612.5,169593,1.0030637746516662,612.6875,615.3135209620381,614.3104571873864,611.0645428126136,610.0614790379619
2023-08-01 14:45:00,SBIN,612.45,613.0,612.0,612.75,175745,1.002451019721333,612.7299999999999,615.3544167696303,614.351965749909,611.1080342500908,610.1055832303695
2023-08-01 14:50:00,SBIN,612.75,612.85,611.4,611.95,334572,1.0919608157770755,612.6825,615.5412534157044,614.4492925999273,610.9157074000727,609.8237465842956
2023-08-01 14:55:00,SBIN,611.95,612.1,611.1,612.05,278285,1.0735686526216603,612.64,615.4506027325635,614.3770340799418,610.9029659200581,609.8293972674364
2023-08-01 15:00:00,SBIN,612.05,612.45,611.5,612.15,383250,1.0488549220973373,612.6025000000001,615.3484021860509,614.2995472639535,610.9054527360466,609.8565978139493
2023-08-01 15:05:00,SBIN,612.0,612.45,611.1,611.3,297726,1.1090839376778745,612.5175,615.4210817488407,614.3119978111629,610.7230021888372,609.6139182511594
2023-08-01 15:10:00,SBIN,611.2,611.8,611.2,611.7,166249,1.0072671501422814,612.4150000000001,615.0520253990726,614.0447582489303,610.7852417510699,609.7779746009276
2023-08-01 15:15:00,SBIN,611.65,612.1,611.4,612.0,395343,0.9458137201138342,612.3050000000001,614.781140319258,613.8353265991442,610.7746734008559,609.8288596807421
2023-08-01 15:20:00,SBIN,612.0,612.55,611.0,612.0,361171,1.0666509760910583,612.2700000000001,615.0624922554065,613.9958412793154,610.5441587206848,609.4775077445937
2023-08-01 15:25:00,SBIN,612.0,612.35,612.0,612.35,221687,0.9233207808728512,612.2225,614.6397538043251,613.7164330234523,610.7285669765477,609.8052461956748
2023-08-02 09:15:00,SBIN,609.85,610.0,607.45,608.2,612792,1.2486566246982718,611.9625,615.23148304346,613.9828264187618,609.9421735812382,608.69351695654
2023-08-02 09:20:00,SBIN,608.0,608.7,607.6,607.95,240031,1.218925299758622,611.735,614.926146434768,613.7072211350095,609.7627788649905,608.543853565232
2023-08-02 09:25:00,SBIN,608.0,608.0,605.9,606.4,367630,1.3951402398069022,611.465,615.1174771478145,613.7223369080076,609.2076630919925,607.8125228521856
2023-08-02 09:30:00,SBIN,606.3,608.8,606.2,608.7,181913,1.6361121918455035,611.3075,615.5908417182516,613.954729526406,608.660270473594,607.0241582817484
2023-08-02 09:35:00,SBIN,608.8,609.35,608.3,609.05,197668,1.5188897534764165,611.19,615.1664533746014,613.6475636211248,608.7324363788753,607.2135466253987
2023-08-02 09:40:00,SBIN,609.1,609.8,608.8,609.05,127185,1.4151118027811334,611.075,614.7797626996811,613.3646508968999,608.7853491031002,607.370237300319
2023-08-02 09:45:00,SBIN,609.05,609.3,609.0,609.0,62040,1.1920894422248978,610.9100000000001,614.0308901597449,612.8388007175199,608.9811992824802,607.7891098402553
2023-08-02 09:50:00,SBIN,608.85,609.25,608.35,609.05,89719,1.1336715537799138,610.715,613.6829521277958,612.5492805740159,608.8807194259841,607.7470478722042
2023-08-02 09:55:00,SBIN,609.05,610.5,608.95,609.9,159212,1.216937243023922,610.5625,613.7484417022366,612.5315044592127,608.5934955407873,607.3765582977634
2023-08-02 10:00:00,SBIN,609.85,610.1,608.9,608.9,78098,1.213549794419147,610.3475000000001,613.5245733617894,612.3110235673703,608.3839764326299,607.1704266382108
2023-08-02 10:05:00,SBIN,608.85,609.4,608.55,609.35,54016,1.1408398355353222,610.19,613.1767186894315,612.0358788538962,608.3441211461039,607.2032813105686
2023-08-02 10:10:00,SBIN,609.4,609.45,608.4,608.4,57812,1.1226718684282715,609.9725000000001,612.9116549515453,611.788983083117,608.1560169168831,607.0333450484549
2023-08-02 10:15:00,SBIN,608.5,608.85,608.05,608.25,48852,1.058137494742631,609.7875,612.5577039612363,611.4995664664935,608.0754335335065,607.0172960387638
2023-08-02 10:20:00,SBIN,608.35,609.25,608.3,609.0,63213,1.0465099957941049,609.635,612.3747631689889,611.3282531731949,607.9417468268051,606.8952368310111
2023-08-02 10:25:00,SBIN,609.0,609.25,608.25,608.5,65121,1.0372079966352838,609.4525,612.1679105351911,611.1307025385559,607.7742974614441,606.7370894648088
2023-08-02 10:30:00,SBIN,608.55,608.65,607.1,607.15,169260,1.1397663973082182,609.245,612.2289084281529,611.0891420308448,607.4008579691553,606.2610915718471
2023-08-02 10:35:00,SBIN,607.1,607.8,607.05,607.4,183544,1.0618131178465746,609.03,611.8098267425223,610.7480136246758,607.3119863753242,606.2501732574776
2023-08-02 10:40:00,SBIN,607.2,607.45,606.6,606.9,133417,1.0194504942772642,608.775,611.4439213940178,610.4244708997406,607.1255291002593,606.1060786059821
2023-08-02 10:45:00,SBIN,606.95,607.15,606.25,606.5,101868,0.9955603954218069,608.5,611.1063771152143,610.1108167197925,606.8891832802075,605.8936228847857
2023-08-02 10:50:00,SBIN,606.45,606.8,606.0,606.3,166600,0.9564483163374364,608.1975,610.7014816921715,609.7450333758339,606.649966624166,605.6935183078285
2023-08-02 10:55:00,SBIN,606.4,606.4,605.65,605.95,157351,0.9151586530699493,608.085,610.4808853537371,609.5657267006673,606.6042732993328,605.689114646263
2023-08-02 11:00:00,SBIN,605.95,606.0,604.25,604.5,220642,1.0821269224559595,607.9125,610.7455082829897,609.6633813605338,606.1616186394663,605.0794917170103
2023-08-02 11:05:00,SBIN,604.3,605.4,603.65,605.1,249082,1.2157015379647678,607.8475,611.0302066263918,609.8145050884269,605.880494911573,604.6647933736082
2023-08-02 11:10:00,SBIN,605.05,605.15,604.0,604.1,151164,1.2025612303718098,607.6175000000001,610.7658053011135,609.5632440707417,605.6717559292584,604.4691946988867
2023-08-02 11:15:00,SBIN,604.25,604.85,604.0,604.2,158225,1.1320489842974524,607.375,610.3387042408907,609.2066552565933,605.5433447434067,604.4112957591093
2023-08-02 11:20:00,SBIN,604.25,605.0,603.8,604.95,214313,1.145639187437971,607.17,610.1692833927126,609.0236442052746,605.3163557947253,604.1707166072873
2023-08-02 11:25:00,SBIN,604.95,605.15,603.5,603.55,260410,1.2465113499503724,606.8975,610.1608667141701,608.9143553642198,604.8806446357803,603.63413328583
2023-08-02 11:30:00,SBIN,603.55,603.95,603.05,603.5,160289,1.177209079960316,606.62,609.7019333713362,608.5247242913758,604.7152757086242,603.5380666286638
2023-08-02 11:35:00,SBIN,603.5,603.7,601.8,601.8,196463,1.3217672639682712,606.2149999999999,609.6753866970688,608.3536194331006,604.0763805668993,602.754613302931
2023-08-02 11:40:00,SBIN,601.85,603.25,601.7,602.55,125662,1.367413811174608,605.8975,609.4773893576552,608.1099755464805,603.6850244535195,602.3176106423449
2023-08-02 11:45:00,SBIN,602.55,602.55,601.45,601.5,216565,1.313931048939668,605.5049999999999,608.9448714861239,607.6309404371842,603.3790595628155,602.0651285138758
2023-08-02 11:50:00,SBIN,601.5,602.4,601.1,602.2,120222,1.3111448391517253,605.1949999999999,608.6275771888992,607.3164323497474,603.0735676502525,601.7624228111007
2023-08-02 11:55:00,SBIN,602.2,602.35,600.8,601.05,256764,1.3589158713213938,604.835,608.3926417511194,607.033725879798,602.6362741202021,601.2773582488807
2023-08-02 12:00:00,SBIN,600.95,601.65,600.8,601.45,152705,1.2571326970571197,604.4575,607.7486734008955,606.4915407038384,602.4234592961616,601.1663265991044
2023-08-02 12:05:00,SBIN,601.35,602.65,601.35,602.55,274310,1.2657061576456867,604.1600000000001,607.4736187207164,606.2079125630707,602.1120874369294,600.8463812792837
2023-08-02 12:10:00,SBIN,602.6,602.9,602.05,602.2,111937,1.182564926116554,603.9125,607.0084549765731,605.8258900504566,601.9991099495435,600.8165450234269
2023-08-02 12:15:00,SBIN,602.35,602.5,602.0,602.1,108755,1.0460519408932434,603.6475,606.3860639812585,605.3400120403653,601.9549879596348,600.9089360187415
2023-08-02 12:20:00,SBIN,602.0,602.65,602.0,602.6,82371,0.9668415527145902,603.4325,605.9636911850068,604.9968496322922,601.8681503677078,600.9013088149932
2023-08-02 12:25:00,SBIN,602.4,602.6,601.6,601.85,65460,0.9734732421716721,603.2,605.7485529480055,604.7750797058338,601.6249202941663,600.6514470519946
2023-08-02 12:30:00,SBIN,601.7,603.2,601.7,603.05,191431,1.0787785937373378,603.0375,605.8617423584044,604.782963764667,601.2920362353331,600.2132576415956
2023-08-02 12:35:00,SBIN,603.1,604.0,603.05,604.0,151206,1.0530228749898793,602.9399999999999,605.6968138867235,604.6437910117336,601.2362089882663,600.1831861132764
2023-08-02 12:40:00,SBIN,604.0,604.0,603.05,603.3,195935,1.0324182999919127,602.8799999999999,605.5828711093787,604.5504528093868,601.209547190613,600.177128890621
2023-08-02 12:45:00,SBIN,603.4,603.55,603.0,603.45,124379,0.9359346399935211,602.7975,605.247776887503,604.3118422475095,601.2831577524905,600.347223112497
2023-08-02 12:50:00,SBIN,603.5,603.7,601.65,601.8,132624,1.1587477119948306,602.6825,605.7161015100024,604.5573537980076,600.8076462019924,599.6488984899976
2023-08-02 12:55:00,SBIN,601.75,601.8,600.9,601.45,333415,1.10699816959586,602.545,605.4431212080019,604.3361230384061,600.7538769615938,599.646878791998
2023-08-02 13:00:00,SBIN,601.3,601.75,601.2,601.2,112785,0.9955985356766789,602.3575000000001,604.9639769664017,603.9683784307249,600.7466215692752,599.7510230335985
2023-08-02 13:05:00,SBIN,601.3,602.2,601.05,602.0,78410,1.0264788285413613,602.28,604.9673215731212,603.9408427445799,600.6191572554201,599.5926784268787
2023-08-02 13:10:00,SBIN,602.15,602.2,600.25,600.5,287027,1.2111830628330982,602.13,605.300877258497,604.0896941956639,600.1703058043361,598.9591227415029
2023-08-02 13:15:00,SBIN,600.25,600.55,599.3,599.75,401719,1.2189464502664786,602.0275,605.2187018067976,603.9997553565312,600.0552446434689,598.8362981932024
2023-08-02 13:20:00,SBIN,599.75,600.1,598.65,598.9,241036,1.2651571602131921,601.845,605.1571814454381,603.8920242852249,599.7979757147751,598.5328185545619
2023-08-02 13:25:00,SBIN,598.9,599.6,598.65,599.0,161780,1.2021257281705628,601.72,604.8671651563506,603.66503942818,599.7749605718201,598.5728348436495
2023-08-02 13:30:00,SBIN,599.0,599.75,597.45,598.1,214967,1.4217005825364413,601.5150000000001,605.2370121250805,603.815311542544,599.2146884574562,597.7929878749197
2023-08-02 13:35:00,SBIN,598.35,599.0,597.4,597.55,139845,1.4573604660291575,601.3399999999999,605.1553697000643,603.6980092340351,598.9819907659647,597.5246302999356
2023-08-02 13:40:00,SBIN,597.6,597.9,596.0,596.0,208397,1.5458883728233215,601.0675,605.1146357600514,603.5687473872281,598.5662526127719,597.0203642399485
2023-08-02 13:45:00,SBIN,596.1,597.25,595.8,596.95,197198,1.5267106982586665,600.7875,604.7844286080413,603.2577179097825,598.3172820902175,596.7905713919588
2023-08-02 13:50:00,SBIN,596.95,597.95,596.75,597.75,176524,1.4613685586069423,600.565,604.3908628864331,602.9294943278261,598.200505672174,596.739137113567
2023-08-02 13:55:00,SBIN,597.7,598.15,596.35,596.4,346171,1.5290948468855448,600.28,604.2831703091464,602.7540754622607,597.8059245377392,596.2768296908536
2023-08-02 14:00:00,SBIN,596.6,597.9,596.3,597.25,201031,1.5432758775084403,600.0125,604.0527962473171,602.5095203698087,597.5154796301914,595.972203752683
2023-08-02 14:05:00,SBIN,597.25,598.1,596.9,597.85,185384,1.4746207020067614,599.8125,603.6730569978537,602.1984362958469,597.4265637041531,595.9519430021463
2023-08-02 14:10:00,SBIN,597.85,598.05,596.35,596.5,167710,1.5196965616053955,599.485,603.4635655982829,601.9438690366776,597.0261309633224,595.5064344017171
2023-08-02 14:15:00,SBIN,596.45,596.75,594.9,595.1,296199,1.585757249284321,599.04,603.1915124786264,601.605755229342,596.474244770658,594.8884875213736
2023-08-02 14:20:00,SBIN,595.0,596.2,594.1,594.7,240280,1.6886057994274615,598.61,603.0307699829011,601.3421641834736,595.8778358165264,594.1892300170989
2023-08-02 14:25:00,SBIN,594.7,595.95,594.5,595.75,115201,1.6408846395419785,598.225,602.5208359863209,600.879951346779,595.5700486532211,593.9291640136792
2023-08-02 14:30:00,SBIN,595.7,596.45,595.5,595.9,117507,1.5027077116335918,597.9300000000001,601.8640887890568,600.3613810774232,595.498618922577,593.9959112109433
2023-08-02 14:35:00,SBIN,595.8,597.0,595.4,597.0,338363,1.522166169306878,597.7075,601.6925310312454,600.1703648619385,595.2446351380614,593.7224689687546
2023-08-02 14:40:00,SBIN,597.0,598.25,596.6,597.25,352951,1.5477329354454978,597.51,601.5619648249963,600.0142318895508,595.0057681104491,593.4580351750037
2023-08-02 14:45:00,SBIN,597.2,597.65,596.35,597.5,237912,1.4981863483563893,597.285,601.207251859997,599.7090655116406,594.8609344883594,593.362748140003
2023-08-02 14:50:00,SBIN,597.25,597.7,596.7,597.1,132230,1.3985490786851114,597.115,600.7764014879976,599.3778524093125,594.8521475906875,593.4535985120024
2023-08-02 14:55:00,SBIN,597.1,598.25,597.0,597.85,212017,1.3688392629480892,597.02,600.603621190398,599.23478192745,594.80521807255,593.4363788096019
2023-08-02 15:00:00,SBIN,597.85,598.5,597.0,597.15,487287,1.3950714103584714,596.9325,600.5847969523185,599.18972554196,594.67527445804,593.2802030476815
2023-08-02 15:05:00,SBIN,597.1,597.45,597.0,597.4,314623,1.2060571282867862,596.8525,600.0099575618548,598.803900433568,594.901099566432,593.6950424381452
2023-08-02 15:10:00,SBIN,597.45,599.5,597.45,599.5,397354,1.3848457026294336,596.9224999999999,600.5480260494837,599.1631803468543,594.6818196531455,593.2969739505161
2023-08-02 15:15:00,SBIN,599.3,599.55,598.55,599.3,474850,1.3078765621035469,597.01,600.4340208395871,599.1261442774835,594.8938557225165,593.5859791604129
2023-08-02 15:20:00,SBIN,599.3,599.4,598.5,598.85,321300,1.226301249682833,597.1524999999999,600.3629566716696,599.1366554219867,595.1683445780131,593.9420433283302
2023-08-02 15:25:00,SBIN,598.75,598.9,598.3,598.9,193313,1.101040999746271,597.25,600.1325253373358,599.0314843375895,595.4685156624105,594.3674746626642
2023-08-03 09:15:00,SBIN,598.7,598.9,595.3,598.9,374315,1.6008327997970215,597.3075,601.4984802698687,599.8976474700715,594.7173525299285,593.1165197301314
2023-08-03 09:20:00,SBIN,598.6,599.8,598.0,599.0,430436,1.6406662398376084,597.4375,601.7327642158948,600.0920979760573,594.7829020239427,593.1422357841052
2023-08-03 09:25:00,SBIN,599.15,600.0,598.5,599.7,224837,1.6125329918700868,597.56,601.7816113727158,600.1690783808457,594.9509216191542,593.3383886272841
2023-08-03 09:30:00,SBIN,599.7,600.85,598.05,598.4,293380,1.8500263934960834,597.5875,602.4308690981727,600.5808427046767,594.5941572953233,592.7441309018272
2023-08-03 09:35:00,SBIN,598.2,598.4,596.2,596.75,234748,1.9200211147968533,597.6,602.6266152785382,600.7065941637413,594.4934058362587,592.5733847214618
2023-08-03 09:40:00,SBIN,596.75,597.25,595.6,596.3,164526,1.8660168918374782,597.6600000000001,602.5452322228306,600.6792153309931,594.6407846690071,592.7747677771696
2023-08-03 09:45:00,SBIN,596.35,598.2,595.4,597.75,257721,2.0528135134699963,597.8125,603.1867657782644,601.1339522647944,594.4910477352056,592.4382342217356
2023-08-03 09:50:00,SBIN,597.7,599.0,597.45,598.45,289345,1.9522508107759882,597.9475,603.0584926226115,601.1062418118355,594.7887581881645,592.8365073773884
2023-08-03 09:55:00,SBIN,598.6,599.4,595.2,595.6,555342,2.4018006486207772,597.9325,604.2204140980892,601.8186134494684,594.0463865505316,591.6445859019108
2023-08-03 10:00:00,SBIN,595.7,596.3,593.55,594.75,557926,2.471440518896622,597.8199999999999,604.2902312784713,601.8187907595747,593.8212092404252,591.3497687215286
2023-08-03 10:05:00,SBIN,594.8,595.2,593.5,593.55,249122,2.317152415117307,597.635,603.7013050227771,601.3841526076598,593.8858473923402,591.5686949772229
2023-08-03 10:10:00,SBIN,593.65,593.7,592.0,592.2,309992,2.1937219320938546,597.37,603.1131640182217,600.9194420861279,593.8205579138721,591.6268359817783
2023-08-03 10:15:00,SBIN,592.2,593.45,591.75,593.2,264182,2.0949775456750928,597.175,602.6596512145774,600.5646736689023,593.7853263310976,591.6903487854225
2023-08-03 10:20:00,SBIN,593.0,593.05,591.5,591.8,281056,1.9859820365400653,596.8725,602.0718009716618,600.0858189351218,593.6591810648781,591.6731990283381
2023-08-03 10:25:00,SBIN,591.8,593.25,590.7,593.1,306712,2.0987856292320433,596.67,602.1646207773294,600.0658351480974,593.2741648519025,591.1753792226705
2023-08-03 10:30:00,SBIN,592.8,593.7,592.55,592.9,146789,1.9090285033856529,596.4449999999999,601.4428366218635,599.533808118478,593.3561918815219,591.4471633781363
2023-08-03 10:35:00,SBIN,592.8,593.35,592.2,592.85,83864,1.757222802708518,596.1125,600.7129092974909,598.9556864947823,593.2693135052176,591.512090702509
2023-08-03 10:40:00,SBIN,592.9,593.25,591.55,591.7,102179,1.7457782421668235,595.7325,600.3029474379927,598.5571691958258,592.9078308041741,591.1620525620073
2023-08-03 10:45:00,SBIN,591.75,592.65,591.2,591.25,109057,1.6866225937334454,595.3525000000001,599.7680779503943,598.0814553566607,592.6235446433394,590.9369220496059
2023-08-03 10:50:00,SBIN,591.35,592.8,591.2,592.8,115451,1.6692980749867383,595.0474999999999,599.4177223603152,597.7484242853285,592.3465757146713,590.6772776396846
2023-08-03 10:55:00,SBIN,592.85,593.7,591.65,592.35,280419,1.7454384599894044,594.72,599.2895578882523,597.5441194282629,591.8958805717372,590.1504421117478
2023-08-03 11:00:00,SBIN,592.35,593.4,592.0,593.35,176669,1.676350767991519,594.4375,598.8261863106018,597.1498355426103,591.7251644573897,590.0488136893982
2023-08-03 11:05:00,SBIN,593.1,593.7,592.65,593.55,163848,1.551080614393229,594.13,598.1907290484814,596.6396484340883,591.6203515659117,590.0692709515185
2023-08-03 11:10:00,SBIN,593.4,594.2,592.7,593.05,216688,1.5408644915145833,593.8625,597.8964832387851,596.3556187472706,591.3693812527293,589.8285167612148
2023-08-03 11:15:00,SBIN,593.05,593.1,592.05,592.55,197404,1.4426915932116804,593.6524999999999,597.4294665910281,595.9867749978164,591.3182250021835,589.8755334089717
2023-08-03 11:20:00,SBIN,592.55,592.95,592.0,592.9,244385,1.3441532745693534,593.4825,597.0014932728225,595.6573399982532,591.3076600017467,589.9635067271774
2023-08-03 11:25:00,SBIN,592.7,594.75,592.5,594.75,181266,1.5253226196554828,593.3325,597.325794618258,595.8004719986026,590.8645280013974,589.339205381742
2023-08-03 11:30:00,SBIN,594.75,596.0,594.4,595.1,359616,1.5402580957243908,593.165,597.1973956946064,595.6571375988821,590.6728624011179,589.1326043053936
2023-08-03 11:35:00,SBIN,595.2,595.45,594.1,595.15,221826,1.5022064765795173,593.1425,597.0752765556853,595.5730700791057,590.7119299208944,589.2097234443148
2023-08-03 11:40:00,SBIN,595.15,595.2,594.5,594.85,106964,1.3417651812636229,593.1475,596.6602412445482,595.3184760632846,590.9765239367155,589.6347587554519
2023-08-03 11:45:00,SBIN,594.85,595.75,593.8,593.8,287804,1.4634121450109077,593.16,596.9912129956385,595.5278008506276,590.7921991493723,589.3287870043614
2023-08-03 11:50:00,SBIN,593.95,594.9,593.45,594.5,177478,1.4607297160087125,593.275,597.0991903965108,595.638460680502,590.9115393194979,589.4508096034891
2023-08-03 11:55:00,SBIN,594.5,595.4,594.0,595.0,179636,1.4485837728069657,593.365,597.1573923172086,595.7088085444017,591.0211914555983,589.5726076827914
2023-08-03 12:00:00,SBIN,595.0,595.7,592.8,593.5,269244,1.7388670182455908,593.45,598.002353853767,596.2634868355215,590.6365131644786,588.8976461462331
2023-08-03 12:05:00,SBIN,593.35,593.35,592.25,592.95,369862,1.6110936145964774,593.4425,597.6603430830136,596.0492494684171,590.8357505315829,589.2246569169864
2023-08-03 12:10:00,SBIN,592.95,593.35,591.75,591.9,244168,1.6088748916771864,593.3925,597.6045344664109,595.9956595747337,590.7893404252663,589.1804655335892
2023-08-03 12:15:00,SBIN,591.9,592.65,591.65,592.1,474073,1.4870999133417493,593.355,597.2482275731287,595.761127659787,590.948872340213,589.4617724268713
2023-08-03 12:20:00,SBIN,592.3,592.3,590.05,590.1,427936,1.6396799306733993,593.275,597.5676820585029,595.9280021278296,590.6219978721704,588.9823179414971
2023-08-03 12:25:00,SBIN,590.35,590.5,589.1,589.7,525879,1.591743944538715,593.1975,597.3646856468024,595.7729417022637,590.6220582977363,589.0303143531976
2023-08-03 12:30:00,SBIN,589.6,590.0,588.95,589.45,438624,1.4833951556309628,593.03,596.9135285174418,595.4301333618108,590.6298666381891,589.1464714825581
2023-08-03 12:35:00,SBIN,589.35,590.1,588.8,588.85,382494,1.4467161245047842,592.855,596.6425028139536,595.1957866894487,590.5142133105513,589.0674971860465
2023-08-03 12:40:00,SBIN,588.85,590.5,588.85,589.9,276553,1.4873728996038227,592.6825,596.5764422511628,595.089069351559,590.275930648441,588.7885577488372
2023-08-03 12:45:00,SBIN,589.9,589.9,588.0,588.05,735272,1.5698983196830536,592.4075,596.5174938009303,594.9475954812472,589.8674045187529,588.2975061990697
2023-08-03 12:50:00,SBIN,588.05,589.4,587.9,588.4,459584,1.555918655746443,592.175,596.2483950407442,594.6924763849977,589.6575236150022,588.1016049592557
2023-08-03 12:55:00,SBIN,588.55,588.6,587.55,588.1,229502,1.4547349245971684,591.9525,595.7609960325954,594.3062611079982,589.5987388920017,588.1440039674046
2023-08-03 13:00:00,SBIN,588.15,588.8,587.0,588.25,322324,1.5237879396777256,591.72,595.7092768260763,594.1854888863986,589.2545111136014,587.7307231739237
2023-08-03 13:05:00,SBIN,588.25,589.95,588.0,589.45,248345,1.6090303517421898,591.455,595.6674414608611,594.0584111091189,588.8515888908812,587.2425585391389
2023-08-03 13:10:00,SBIN,589.3,590.5,589.3,590.35,682291,1.527224281393761,591.2175,595.2157731686889,593.688548887295,588.7464511127049,587.2192268313111
2023-08-03 13:15:00,SBIN,590.35,590.95,589.7,589.75,275156,1.471779425115009,590.9475,594.8006185349511,593.328839109836,588.5661608901639,587.0943814650489
2023-08-03 13:20:00,SBIN,589.95,590.15,589.0,589.8,240191,1.4074235400920028,590.6949999999999,594.3796348279608,592.9722112878688,588.417788712131,587.0103651720391
2023-08-03 13:25:00,SBIN,589.45,589.95,588.9,589.35,251814,1.335938832073616,590.4725000000001,593.9699878623688,592.6340490302952,588.310950969705,586.9750121376313
2023-08-03 13:30:00,SBIN,589.35,589.8,588.55,589.05,370996,1.318751065658893,590.2,593.652490289895,592.3337392242362,588.0662607757639,586.7475097101051
2023-08-03 13:35:00,SBIN,588.85,589.2,587.35,587.4,442359,1.425000852527119,589.82,593.550652231916,592.125651379389,587.5143486206111,586.089347768084
2023-08-03 13:40:00,SBIN,587.55,588.0,587.05,587.4,496139,1.3300006820217043,589.5150000000001,592.996941785533,591.6669411035112,587.363058896489,586.0330582144672
2023-08-03 13:45:00,SBIN,587.2,587.65,587.05,587.6,111058,1.1840005456173681,589.2475000000001,592.3472134284264,591.1632128828089,587.3317871171912,586.1477865715738
2023-08-03 13:50:00,SBIN,587.45,588.5,587.25,588.0,268961,1.1972004364938944,589.0525,592.186770742741,590.9895703062472,587.1154296937528,585.918229257259
2023-08-03 13:55:00,SBIN,588.0,588.25,586.2,586.65,678325,1.3677603491951065,588.78,592.3607965941927,590.9930362449977,586.5669637550022,585.1992034058072
2023-08-03 14:00:00,SBIN,586.65,587.85,585.95,586.65,818700,1.4742082793560807,588.6075,592.4669772753542,590.9927689959981,586.2222310040019,584.7480227246457
2023-08-03 14:05:00,SBIN,586.75,587.05,585.25,585.6,641972,1.5393666234848555,588.4025,592.4325618202834,590.8931951967985,585.9118048032016,584.3724381797167
2023-08-03 14:10:00,SBIN,585.4,586.0,585.05,586.0,644272,1.4214932987878937,588.23,591.9514694562267,590.5299761574388,585.9300238425612,584.5085305437733
2023-08-03 14:15:00,SBIN,586.0,586.9,585.9,586.75,177059,1.3371946390303149,588.125,591.6257755649814,590.288580925951,585.961419074049,584.6242244350186
2023-08-03 14:20:00,SBIN,586.8,587.9,586.65,587.3,235245,1.319755711224252,587.995,591.4501204519851,590.1303647407608,585.8596352592392,584.5398795480149
2023-08-03 14:25:00,SBIN,587.3,588.5,587.05,588.1,576057,1.3458045689794107,587.9975000000001,591.5208163615881,590.1750117926088,585.8199882073914,584.474183638412
2023-08-03 14:30:00,SBIN,587.9,589.15,587.75,588.85,455719,1.356643655183524,588.02,591.5716930892704,590.215049434087,585.824950565913,584.4683069107296
2023-08-03 14:35:00,SBIN,588.75,589.95,588.6,589.75,393481,1.3553149241468239,588.1025000000001,591.6507144714164,590.2953995472697,585.9096004527305,584.5542855285837
2023-08-03 14:40:00,SBIN,589.75,590.1,586.9,587.1,778900,1.7242519393174685,588.0450000000001,592.5590915771332,590.8348396378158,585.2551603621844,583.5309084228669
2023-08-03 14:45:00,SBIN,587.05,588.0,586.95,587.45,387226,1.5894015514539657,587.9449999999999,592.1060532617064,590.5166517102524,585.3733482897475,583.7839467382935
2023-08-03 14:50:00,SBIN,587.45,587.9,586.6,587.6,762626,1.5315212411631636,587.8075,591.8170226093652,590.285501368202,585.3294986317981,583.7979773906349
2023-08-03 14:55:00,SBIN,587.5,589.45,587.5,589.3,326288,1.6152169929305402,587.785,592.0136380874922,590.3984210945616,585.1715789054383,583.5563619125078
2023-08-03 15:00:00,SBIN,589.3,590.25,588.85,589.3,759016,1.5721735943444277,587.76,591.8759504699937,590.3037768756493,585.2162231243507,583.6440495300063
2023-08-03 15:05:00,SBIN,589.3,590.0,589.0,589.15,809058,1.4577388754755423,587.75,591.5663603759949,590.1086215005195,585.3913784994805,583.9336396240051
2023-08-03 15:10:00,SBIN,589.15,590.8,589.15,590.8,797299,1.4961911003804294,587.8375,591.754528300796,590.2583372004156,585.4166627995844,583.920471699204
2023-08-03 15:15:00,SBIN,590.8,591.85,590.2,591.5,670277,1.5269528803043388,588.0424999999999,592.0400626406366,590.5131097603323,585.5718902396675,584.0449373593632
2023-08-03 15:20:00,SBIN,591.5,592.4,591.1,592.05,714019,1.481562304243462,588.275,592.1537301125094,590.672167808266,585.877832191734,584.3962698874906
2023-08-03 15:25:00,SBIN,592.1,592.55,591.15,591.4,422345,1.4652498433947652,588.4649999999999,592.3010240900074,590.8357742466127,586.0942257533871,584.6289759099924
2023-08-04 09:15:00,SBIN,594.8,594.8,589.1,593.15,1103954,2.3121998747157986,588.7225,594.7758392720059,592.4636393972901,584.9813606027099,582.669160727994
2023-08-04 09:20:00,SBIN,593.35,593.65,591.55,592.25,611913,2.2697598997726436,589.0024999999999,594.9447314176048,592.6749715178321,585.3300284821678,583.0602685823951
2023-08-04 09:25:00,SBIN,592.2,592.8,591.5,592.5,337519,2.075807919818106,589.295,594.7294651340837,592.6536572142656,585.9363427857343,583.8605348659162
2023-08-04 09:30:00,SBIN,592.45,592.65,590.55,591.85,452577,2.0806463358544893,589.6075,595.054632107267,592.9739857714126,586.2410142285873,584.1603678927329
2023-08-04 09:35:00,SBIN,591.85,592.05,590.3,590.9,309596,2.0145170686835914,589.8525,595.1265056858136,593.11198861713,586.5930113828699,584.5784943141863
2023-08-04 09:40:00,SBIN,590.9,591.1,588.05,588.5,710884,2.2216136549468866,589.9399999999999,595.7561845486509,593.534570893704,586.3454291062959,584.123815451349
2023-08-04 09:45:00,SBIN,588.6,590.4,588.0,590.1,374557,2.257290923957505,590.08,595.9895876389207,593.7322967149632,586.4277032850368,584.1704123610793
2023-08-04 09:50:00,SBIN,590.25,591.5,589.6,591.5,429483,2.1858327391659995,590.25,595.9725101111366,593.7866773719705,586.7133226280295,584.5274898888634
2023-08-04 09:55:00,SBIN,591.65,591.85,591.05,591.45,191263,1.9086661913328133,590.3799999999999,595.3768880889091,593.4682218975764,587.2917781024233,585.3831119110906
2023-08-04 10:00:00,SBIN,591.5,591.65,590.55,591.3,195339,1.7469329530662554,590.4575,595.0309704711275,593.2840375180612,587.6309624819388,585.8840295288725
2023-08-04 10:05:00,SBIN,591.25,592.1,590.65,591.95,197124,1.6875463624530136,590.7,595.117996376902,593.430450014449,587.9695499855511,586.282003623098
2023-08-04 10:10:00,SBIN,592.0,592.7,591.8,592.6,277905,1.5300370899624292,590.9575,594.9631371015216,593.4331000115592,588.4818999884408,586.9518628984783
2023-08-04 10:15:00,SBIN,592.7,592.7,591.5,592.3,252884,1.4640296719699526,591.1925,595.0253296812174,593.5613000092474,588.8236999907526,587.3596703187826
2023-08-04 10:20:00,SBIN,592.25,593.0,592.25,592.8,282241,1.3212237375759623,591.3675000000001,594.8264637449739,593.505240007398,589.2297599926021,587.9085362550262
2023-08-04 10:25:00,SBIN,592.85,593.25,592.1,592.85,229596,1.2869789900607655,591.545,594.914310995979,593.6273320059183,589.4626679940816,588.1756890040209
2023-08-04 10:30:00,SBIN,592.7,592.8,591.75,592.15,221463,1.2395831920486033,591.6949999999999,594.9402287967832,593.7006456047346,589.6893543952652,588.4497712032166
2023-08-04 10:35:00,SBIN,592.15,592.55,591.15,592.55,213774,1.271666553638878,591.7825,595.1117230374266,593.8400564837877,589.7249435162123,588.4532769625735
2023-08-04 10:40:00,SBIN,592.55,594.6,592.55,594.55,363460,1.427333242911116,591.9350000000001,595.6717584299414,594.2444251870303,589.6255748129698,588.1982415700587
2023-08-04 10:45:00,SBIN,594.55,594.95,593.2,593.25,363566,1.491866594328893,591.995,595.900706743953,594.4088401496241,589.5811598503759,588.089293256047
2023-08-04 10:50:00,SBIN,593.5,593.9,593.0,593.05,221746,1.37349327546311,592.0775,595.6733053951624,594.2998121196993,589.8551878803007,588.4816946048376
2023-08-04 10:55:00,SBIN,593.25,594.3,593.0,594.2,203370,1.3587946203704788,592.13,595.6873243161299,594.3285296957595,589.9314703042405,588.5726756838701
2023-08-04 11:00:00,SBIN,594.1,595.4,594.0,595.2,298334,1.3670356962963788,592.2774999999999,595.8563994529038,594.4893637566074,590.0656362433924,588.698600547096
2023-08-04 11:05:00,SBIN,595.25,595.4,594.55,594.7,159779,1.2636285570371077,592.3875,595.6956795623232,594.4320510052861,590.342948994714,589.0793204376769
2023-08-04 11:10:00,SBIN,594.7,595.75,594.55,595.2,231077,1.2509028456296953,592.5550000000001,595.8298636498586,594.5789608042289,590.5310391957712,589.2801363501416
2023-08-04 11:15:00,SBIN,595.2,596.5,595.0,596.25,462293,1.3007222765037563,592.8225,596.2277909198868,594.9270686433831,590.7179313566169,589.4172090801131
2023-08-04 11:20:00,SBIN,596.2,597.95,596.1,596.9,394238,1.4105778212030096,593.2425000000001,596.9353927359095,595.5248149147066,590.9601850852936,589.5496072640906
2023-08-04 11:25:00,SBIN,596.85,597.75,596.6,597.0,401412,1.3584622569624032,593.5875,597.1439541887275,595.7854919317651,591.3895080682348,590.0310458112724
2023-08-04 11:30:00,SBIN,596.9,597.4,596.55,596.85,164797,1.2567698055699272,593.855,597.1452233509821,595.8884535454122,591.8215464545879,590.564776649018
2023-08-04 11:35:00,SBIN,596.85,597.3,596.2,596.35,257845,1.2254158444559236,594.1,597.3081386807856,596.0827228363297,592.1172771636703,590.8918613192144
2023-08-04 11:40:00,SBIN,596.35,596.65,595.7,596.35,336617,1.1703326755647252,594.3525,597.4164309446284,596.2460982690637,592.4589017309362,591.2885690553716
2023-08-04 11:45:00,SBIN,596.3,598.7,596.3,597.75,559205,1.4162661404517984,594.6424999999999,598.3502847557028,596.9340186152509,592.3509813847489,590.9347152442971
2023-08-04 11:50:00,SBIN,597.7,597.95,596.85,597.1,301413,1.3530129123614434,594.8675000000001,598.4096878045623,597.0566748922009,592.6783251077992,591.3253121954378
2023-08-04 11:55:00,SBIN,597.2,597.55,596.25,596.45,248652,1.3424103298891457,595.075,598.5894302436499,597.2470199137607,592.9029800862394,591.5605697563502
2023-08-04 12:00:00,SBIN,596.65,596.9,595.45,595.95,191634,1.363928263911303,595.2325,598.8032641949197,597.4393359310085,593.0256640689914,591.6617358050802
2023-08-04 12:05:00,SBIN,595.95,596.6,595.6,596.0,208035,1.2911426111290425,595.39,598.7702113559358,597.4790687448068,593.3009312551932,592.0097886440642
2023-08-04 12:10:00,SBIN,596.0,596.8,595.25,596.8,207527,1.342914088903225,595.6225000000001,599.1382490847487,597.7953349958455,593.4496650041547,592.1067509152514
2023-08-04 12:15:00,SBIN,596.75,597.45,596.5,597.05,245994,1.2643312711225891,595.8475000000001,599.157519267799,597.8931879966765,593.8018120033237,592.5374807322012
2023-08-04 12:20:00,SBIN,597.05,597.55,596.8,597.25,241750,1.1614650168980716,595.9825,599.0232154142391,597.861750397341,594.1032496026589,592.9417845857608
2023-08-04 12:25:00,SBIN,597.45,597.5,595.2,595.3,273554,1.3891720135184482,596.085,599.7218523313913,598.3326803178729,593.8373196821271,592.4481476686087
2023-08-04 12:30:00,SBIN,595.35,595.35,593.4,593.8,404162,1.5013376108147676,596.1225000000001,600.0530018651132,598.5516642542983,593.6933357457018,592.191998134887
2023-08-04 12:35:00,SBIN,593.9,593.95,592.4,592.7,445585,1.5110700886518278,596.0475,600.0034814920905,598.4924114034387,593.6025885965613,592.0915185079095
2023-08-04 12:40:00,SBIN,592.55,594.55,592.55,594.1,327601,1.6088560709214623,595.9925000000001,600.2044851936724,598.595629122751,593.3893708772491,591.7805148063277
2023-08-04 12:45:00,SBIN,594.2,594.9,593.7,594.75,288014,1.5270848567371564,595.995,599.9929081549379,598.4658232982007,593.5241767017993,591.9970918450621
2023-08-04 12:50:00,SBIN,594.75,595.45,594.25,595.2,222460,1.4616678853897342,595.995,599.8216465239503,598.3599786385606,593.6300213614394,592.1683534760497
2023-08-04 12:55:00,SBIN,595.2,595.4,593.25,593.4,303000,1.599334308311783,595.8525,600.0395572191602,598.4402229108484,593.2647770891515,591.6654427808397
2023-08-04 13:00:00,SBIN,593.4,594.3,593.1,593.9,348312,1.519467446649413,595.7025,599.6804657753281,598.1609983286787,593.2440016713213,591.7245342246719
2023-08-04 13:05:00,SBIN,593.9,594.7,593.55,593.85,158168,1.4455739573195485,595.545,599.3295126202626,597.883938662943,593.2060613370569,591.7604873797374
2023-08-04 13:10:00,SBIN,593.85,594.15,592.9,593.0,345290,1.406459165855639,595.3525,599.03461009621,597.6281509303544,593.0768490696455,591.6703899037899
2023-08-04 13:15:00,SBIN,592.95,593.85,592.75,593.45,122388,1.3451673326845157,595.2075000000001,598.7291480769682,597.3839807442837,593.0310192557165,591.685851923032
2023-08-04 13:20:00,SBIN,593.5,594.5,590.6,590.85,535050,1.8561338661476081,594.9325000000001,599.7918584615745,597.9357245954269,591.9292754045733,590.0731415384257
2023-08-04 13:25:00,SBIN,590.7,592.15,583.1,585.0,4163469,3.2949070929180775,594.2950000000001,602.9210667692596,599.6261596763416,588.9638403236586,585.6689332307405
2023-08-04 13:30:00,SBIN,585.0,587.5,578.7,579.05,2379361,4.395925674334453,593.3925,604.9010334154076,600.5051077410732,586.2798922589269,581.8839665845925
2023-08-04 13:35:00,SBIN,578.85,584.7,578.3,584.5,2249355,4.796740539467581,592.795,605.3528667323261,600.5561261928585,585.0338738071414,580.2371332676738
2023-08-04 13:40:00,SBIN,584.5,585.7,581.15,583.15,1295356,4.747392431574078,592.155,604.583673385861,599.8362809542868,584.4737190457131,579.726326614139
2023-08-04 13:45:00,SBIN,583.15,583.3,578.6,579.25,1466652,4.737913945259249,591.3175,603.7213587086887,598.9834447634295,583.6515552365705,578.9136412913113
2023-08-04 13:50:00,SBIN,579.1,579.1,575.4,577.0,2331785,4.530331156207408,590.3275,602.187906966951,597.6575758107435,582.9974241892564,578.467093033049
2023-08-04 13:55:00,SBIN,577.1,578.05,572.25,573.5,2787480,4.7842649249659175,589.15,601.6752055735608,596.8909406485948,581.4090593514052,576.6247944264392
2023-08-04 14:00:00,SBIN,573.2,577.6,572.8,575.75,2316090,4.787411939972747,588.075,600.6084444588487,595.821032518876,580.3289674811241,575.5415555411514
2023-08-04 14:05:00,SBIN,575.7,575.7,573.9,574.8,1725704,4.189929551978212,587.05,598.0192355670789,593.8293060151007,580.2706939848993,576.080764432921
2023-08-04 14:10:00,SBIN,574.9,577.05,574.15,576.35,1284094,3.9319436415825653,586.1775,596.4713284536632,592.5393848120806,579.8156151879194,575.8836715463368
2023-08-04 14:15:00,SBIN,576.5,577.75,576.25,577.0,1116674,3.4455549132660526,585.3924999999999,594.4129627629304,590.9674078496644,579.8175921503355,576.3720372370694
2023-08-04 14:20:00,SBIN,576.95,579.7,576.95,577.85,1385767,3.3064439306128426,584.58,593.2362702103445,589.9298262797316,579.2301737202685,575.9237297896556
2023-08-04 14:25:00,SBIN,577.9,578.3,575.8,576.35,654042,3.1451551444902743,583.6600000000001,591.8940161682756,588.7488610237854,578.5711389762148,575.4259838317246
2023-08-04 14:30:00,SBIN,576.3,576.65,575.1,575.8,505865,2.8261241155922106,582.6899999999999,590.0887929346203,587.2626688190281,578.1173311809717,575.2912070653796
2023-08-04 14:35:00,SBIN,575.8,576.9,575.45,576.85,546676,2.550899292473755,581.8625,588.5407543476963,585.9898550552225,577.7351449447774,575.1842456523036
2023-08-04 14:40:00,SBIN,576.9,577.7,575.7,576.0,715893,2.440719433979004,580.9675,587.357303478157,584.916584044178,577.018415955822,574.577696521843
2023-08-04 14:45:00,SBIN,576.0,577.0,575.5,575.6,802590,2.252575547183203,580.0550000000001,585.9522427825257,583.6996672353425,576.4103327646576,574.1577572174745
2023-08-04 14:50:00,SBIN,575.6,576.2,574.4,574.95,1804097,2.162060437746576,579.1525,584.8127742260206,582.650713788274,575.6542862117261,573.4922257739795
2023-08-04 14:55:00,SBIN,575.0,575.0,574.05,574.8,658628,1.91964835019727,578.22,583.2456393808164,581.3259910306192,575.1140089693808,573.1943606191836
2023-08-04 15:00:00,SBIN,574.8,575.9,572.1,572.35,1283972,2.2957186801578073,577.295,583.3051915046531,581.0094728244953,573.5805271755046,571.2848084953469
2023-08-04 15:05:00,SBIN,572.2,574.85,572.0,574.4,867935,2.4065749441262505,576.765,583.0654132037225,580.6588382595962,572.8711617404037,570.4645867962774
2023-08-04 15:10:00,SBIN,574.4,575.0,573.9,573.9,653897,2.145259955301005,576.5074999999999,582.123790562978,579.9785306076769,573.0364693923229,570.8912094370219
2023-08-04 15:15:00,SBIN,574.0,574.15,572.05,572.3,1146116,2.1362079642408087,575.8975,581.4900924503825,579.3538844861416,572.4411155138584,570.3049075496176
2023-08-04 15:20:00,SBIN,572.2,573.0,571.5,573.0,1251254,2.0089663713926473,575.39,580.649473960306,578.6405075889132,572.1394924110867,570.130526039694
2023-08-04 15:25:00,SBIN,573.0,573.2,572.8,573.2,758915,1.6871730971141363,575.0875,579.5045191682448,577.8173460711306,572.3576539288694,570.6704808317552
